trafficID,num_cars,weatherStamp:,timeStamp,dateStamp,greenTime
B1,0,,22:29:56,2024-07-28,3
C1,0,,22:29:56,2024-07-28,3
D1,0,,22:29:56,2024-07-28,3
A1,98,33.3,22:29:57,2024-07-28,49
B2,0,,22:30:01,2024-07-28,3
C2,0,,22:30:01,2024-07-28,3
D2,0,,22:30:01,2024-07-28,3
B3,0,,22:30:06,2024-07-28,3
C3,0,,22:30:06,2024-07-28,3
D3,0,,22:30:06,2024-07-28,3
B4,0,,22:30:11,2024-07-28,3
C4,0,,22:30:11,2024-07-28,3
D4,0,,22:30:11,2024-07-28,3
B1,0,,22:30:16,2024-07-28,3
C1,0,,22:30:16,2024-07-28,3
D1,0,,22:30:16,2024-07-28,3
B2,0,,22:30:21,2024-07-28,3
C2,0,,22:30:21,2024-07-28,3
D2,0,,22:30:21,2024-07-28,3
B3,0,,22:30:26,2024-07-28,3
C3,0,,22:30:26,2024-07-28,3
D3,0,,22:30:26,2024-07-28,3
B4,0,,22:30:31,2024-07-28,3
C4,0,,22:30:32,2024-07-28,3
D4,0,,22:30:32,2024-07-28,3
B1,0,,22:30:37,2024-07-28,3
C1,78,,22:30:37,2024-07-28,39
D1,0,,22:30:37,2024-07-28,3
B2,19,,22:30:42,2024-07-28,10
D2,0,,22:30:42,2024-07-28,3
D3,0,,22:30:47,2024-07-28,3
A2,27,33.3,22:30:50,2024-07-28,14
D4,0,,22:30:52,2024-07-28,3
B3,0,,22:30:54,2024-07-28,3
D1,0,,22:30:57,2024-07-28,3
B4,0,,22:30:59,2024-07-28,3
D2,0,,22:31:02,2024-07-28,3
B1,0,,22:31:04,2024-07-28,3
A3,96,33.3,22:31:07,2024-07-28,48
D3,0,,22:31:07,2024-07-28,3
B2,0,,22:31:09,2024-07-28,3
D4,0,,22:31:12,2024-07-28,3
B3,0,,22:31:14,2024-07-28,3
D1,3,,22:31:17,2024-07-28,3
C2,0,,22:31:18,2024-07-28,3
B4,0,,22:31:19,2024-07-28,3
D2,15,,22:31:22,2024-07-28,8
C3,0,,22:31:23,2024-07-28,3
B1,0,,22:31:24,2024-07-28,3
C4,0,,22:31:28,2024-07-28,3
B2,21,,22:31:29,2024-07-28,11
D3,0,,22:31:32,2024-07-28,3
C1,5,,22:31:33,2024-07-28,3
D4,0,,22:31:37,2024-07-28,3
C2,0,,22:31:38,2024-07-28,3
B3,0,,22:31:42,2024-07-28,3
D1,0,,22:31:42,2024-07-28,3
C3,0,,22:31:43,2024-07-28,3
B4,0,,22:31:47,2024-07-28,3
D2,0,,22:31:47,2024-07-28,3
C4,0,,22:31:48,2024-07-28,3
B1,0,,22:31:52,2024-07-28,3
D3,0,,22:31:52,2024-07-28,3
C1,0,,22:31:53,2024-07-28,3
B2,0,,22:31:57,2024-07-28,3
D4,0,,22:31:57,2024-07-28,3
C2,0,,22:31:58,2024-07-28,3
A4,36,33.3,22:32:02,2024-07-28,18
B3,3,,22:32:02,2024-07-28,3
D1,4,,22:32:02,2024-07-28,3
C3,0,,22:32:03,2024-07-28,3
B4,0,,22:32:07,2024-07-28,3
D2,1,,22:32:07,2024-07-28,3
C4,0,,22:32:08,2024-07-28,3
B1,0,,22:32:12,2024-07-28,3
D3,0,,22:32:12,2024-07-28,3
C1,0,,22:32:13,2024-07-28,3
B2,0,,22:32:17,2024-07-28,3
D4,0,,22:32:17,2024-07-28,3
C2,0,,22:32:18,2024-07-28,3
B3,0,,22:32:22,2024-07-28,3
D1,0,,22:32:22,2024-07-28,3
C3,0,,22:32:23,2024-07-28,3
A1,37,33.3,22:32:24,2024-07-28,19
B4,0,,22:32:27,2024-07-28,3
D2,0,,22:32:27,2024-07-28,3
C4,0,,22:32:28,2024-07-28,3
B1,0,,22:32:32,2024-07-28,3
D3,0,,22:32:32,2024-07-28,3
C1,7,,22:32:33,2024-07-28,4
B2,0,,22:32:37,2024-07-28,3
D4,0,,22:32:37,2024-07-28,3
C2,0,,22:32:39,2024-07-28,3
B3,0,,22:32:42,2024-07-28,3
D1,0,,22:32:42,2024-07-28,3
C3,0,,22:32:44,2024-07-28,3
A2,19,33.3,22:32:46,2024-07-28,10
B4,0,,22:32:47,2024-07-28,3
D2,0,,22:32:47,2024-07-28,3
C4,0,,22:32:49,2024-07-28,3
B1,0,,22:32:52,2024-07-28,3
D3,0,,22:32:52,2024-07-28,3
C1,29,,22:32:54,2024-07-28,15
B2,7,,22:32:57,2024-07-28,4
D4,0,,22:32:57,2024-07-28,3
A3,61,33.3,22:33:00,2024-07-28,31
D1,0,,22:33:02,2024-07-28,3
B3,0,,22:33:03,2024-07-28,3
D2,1,,22:33:07,2024-07-28,3
B4,0,,22:33:08,2024-07-28,3
C2,0,,22:33:11,2024-07-28,3
D3,0,,22:33:12,2024-07-28,3
B1,0,,22:33:13,2024-07-28,3
C3,0,,22:33:16,2024-07-28,3
D4,0,,22:33:17,2024-07-28,3
B2,15,,22:33:18,2024-07-28,8
C4,0,,22:33:21,2024-07-28,3
D1,0,,22:33:22,2024-07-28,3
C1,3,,22:33:26,2024-07-28,3
D2,5,,22:33:27,2024-07-28,3
B3,0,,22:33:28,2024-07-28,3
C2,0,,22:33:31,2024-07-28,3
D3,0,,22:33:32,2024-07-28,3
B4,0,,22:33:33,2024-07-28,3
C3,0,,22:33:36,2024-07-28,3
D4,0,,22:33:37,2024-07-28,3
B1,0,,22:33:38,2024-07-28,3
C4,0,,22:33:41,2024-07-28,3
D1,1,,22:33:42,2024-07-28,3
B2,12,,22:33:43,2024-07-28,6
C1,0,,22:33:46,2024-07-28,3
D2,0,,22:33:47,2024-07-28,3
B3,0,,22:33:51,2024-07-28,3
C2,0,,22:33:51,2024-07-28,3
D3,0,,22:33:52,2024-07-28,3
A4,84,33.3,22:33:54,2024-07-28,42
B4,0,,22:33:56,2024-07-28,3
C3,0,,22:33:56,2024-07-28,3
D4,0,,22:33:57,2024-07-28,3
B1,0,,22:34:01,2024-07-28,3
C4,0,,22:34:01,2024-07-28,3
D1,3,,22:34:02,2024-07-28,3
B2,0,,22:34:06,2024-07-28,3
C1,0,,22:34:06,2024-07-28,3
D2,0,,22:34:07,2024-07-28,3
B3,1,,22:34:11,2024-07-28,3
C2,0,,22:34:11,2024-07-28,3
D3,0,,22:34:12,2024-07-28,3
B4,0,,22:34:16,2024-07-28,3
C3,0,,22:34:16,2024-07-28,3
D4,0,,22:34:17,2024-07-28,3
B1,0,,22:34:21,2024-07-28,3
C4,0,,22:34:21,2024-07-28,3
D1,2,,22:34:22,2024-07-28,3
B2,0,,22:34:26,2024-07-28,3
C1,16,,22:34:26,2024-07-28,8
D2,0,,22:34:28,2024-07-28,3
B3,0,,22:34:31,2024-07-28,3
D3,0,,22:34:33,2024-07-28,3
B4,0,,22:34:36,2024-07-28,3
C2,0,,22:34:36,2024-07-28,3
D4,0,,22:34:38,2024-07-28,3
A1,86,33.3,22:34:40,2024-07-28,43
B1,0,,22:34:41,2024-07-28,3
C3,0,,22:34:41,2024-07-28,3
D1,0,,22:34:43,2024-07-28,3
B2,0,,22:34:46,2024-07-28,3
C4,0,,22:34:46,2024-07-28,3
D2,0,,22:34:48,2024-07-28,3
B3,0,,22:34:51,2024-07-28,3
C1,0,,22:34:51,2024-07-28,3
D3,0,,22:34:53,2024-07-28,3
B4,0,,22:34:56,2024-07-28,3
C2,0,,22:34:56,2024-07-28,3
D4,0,,22:34:58,2024-07-28,3
C3,0,,22:35:01,2024-07-28,3
B1,0,,22:35:02,2024-07-28,3
D1,0,,22:35:03,2024-07-28,3
C4,0,,22:35:06,2024-07-28,3
B2,0,,22:35:07,2024-07-28,3
D2,3,,22:35:08,2024-07-28,3
C1,68,,22:35:11,2024-07-28,34
B3,0,,22:35:12,2024-07-28,3
D3,0,,22:35:13,2024-07-28,3
B4,0,,22:35:17,2024-07-28,3
D4,0,,22:35:18,2024-07-28,3
B1,0,,22:35:22,2024-07-28,3
D1,0,,22:35:23,2024-07-28,3
A2,102,33.3,22:35:26,2024-07-28,50
B2,17,,22:35:27,2024-07-28,9
D2,0,,22:35:28,2024-07-28,3
D3,0,,22:35:33,2024-07-28,3
B3,0,,22:35:38,2024-07-28,3
D4,0,,22:35:38,2024-07-28,3
B4,0,,22:35:43,2024-07-28,3
D1,0,,22:35:43,2024-07-28,3
C2,0,,22:35:47,2024-07-28,3
B1,0,,22:35:48,2024-07-28,3
D2,13,,22:35:48,2024-07-28,7
C3,0,,22:35:52,2024-07-28,3
B2,0,,22:35:53,2024-07-28,3
D3,0,,22:35:57,2024-07-28,3
B3,0,,22:35:58,2024-07-28,3
C4,0,,22:35:58,2024-07-28,3
D4,0,,22:36:02,2024-07-28,3
B4,0,,22:36:03,2024-07-28,3
C1,20,,22:36:03,2024-07-28,10
D1,3,,22:36:07,2024-07-28,3
B1,0,,22:36:08,2024-07-28,3
D2,0,,22:36:12,2024-07-28,3
B2,81,,22:36:13,2024-07-28,41
C2,0,,22:36:15,2024-07-28,3
D3,0,,22:36:17,2024-07-28,3
A3,61,33.3,22:36:20,2024-07-28,31
C3,0,,22:36:20,2024-07-28,3
D4,0,,22:36:22,2024-07-28,3
C4,0,,22:36:25,2024-07-28,3
D1,0,,22:36:27,2024-07-28,3
C1,0,,22:36:30,2024-07-28,3
D2,0,,22:36:32,2024-07-28,3
C2,0,,22:36:35,2024-07-28,3
D3,0,,22:36:37,2024-07-28,3
C3,0,,22:36:40,2024-07-28,3
D4,0,,22:36:42,2024-07-28,3
C4,0,,22:36:45,2024-07-28,3
D1,16,,22:36:47,2024-07-28,8
C1,0,,22:36:50,2024-07-28,3
A4,91,33.3,22:36:54,2024-07-28,46
C2,0,,22:36:55,2024-07-28,3
B3,2,,22:36:56,2024-07-28,3
D2,0,,22:36:57,2024-07-28,3
C3,0,,22:37:00,2024-07-28,3
B4,0,,22:37:01,2024-07-28,3
D3,0,,22:37:02,2024-07-28,3
C4,0,,22:37:05,2024-07-28,3
B1,0,,22:37:06,2024-07-28,3
D4,0,,22:37:07,2024-07-28,3
C1,0,,22:37:10,2024-07-28,3
B2,0,,22:37:11,2024-07-28,3
D1,0,,22:37:12,2024-07-28,3
C2,0,,22:37:15,2024-07-28,3
B3,0,,22:37:16,2024-07-28,3
D2,0,,22:37:17,2024-07-28,3
C3,0,,22:37:20,2024-07-28,3
B4,0,,22:37:21,2024-07-28,3
D3,0,,22:37:22,2024-07-28,3
C4,3,,22:37:25,2024-07-28,3
B1,0,,22:37:26,2024-07-28,3
D4,0,,22:37:27,2024-07-28,3
C1,18,,22:37:30,2024-07-28,9
B2,0,,22:37:31,2024-07-28,3
D1,0,,22:37:32,2024-07-28,3
B3,0,,22:37:36,2024-07-28,3
D2,0,,22:37:37,2024-07-28,3
B4,0,,22:37:41,2024-07-28,3
C2,0,,22:37:41,2024-07-28,3
D3,0,,22:37:42,2024-07-28,3
A1,64,33.3,22:37:44,2024-07-28,32
B1,0,,22:37:46,2024-07-28,3
C3,0,,22:37:46,2024-07-28,3
D4,0,,22:37:47,2024-07-28,3
B2,0,,22:37:51,2024-07-28,3
C4,0,,22:37:51,2024-07-28,3
D1,0,,22:37:52,2024-07-28,3
B3,0,,22:37:56,2024-07-28,3
C1,0,,22:37:56,2024-07-28,3
D2,0,,22:37:57,2024-07-28,3
B4,0,,22:38:01,2024-07-28,3
C2,0,,22:38:01,2024-07-28,3
D3,0,,22:38:03,2024-07-28,3
B1,0,,22:38:06,2024-07-28,3
C3,0,,22:38:06,2024-07-28,3
D4,0,,22:38:08,2024-07-28,3
B2,0,,22:38:11,2024-07-28,3
C4,0,,22:38:11,2024-07-28,3
D1,0,,22:38:13,2024-07-28,3
B3,0,,22:38:16,2024-07-28,3
C1,51,,22:38:16,2024-07-28,26
D2,0,,22:38:18,2024-07-28,3
A2,89,33.3,22:38:19,2024-07-28,46
B4,0,,22:38:21,2024-07-28,3
D3,0,,22:38:23,2024-07-28,3
B1,0,,22:38:26,2024-07-28,3
D4,0,,22:38:28,2024-07-28,3
B2,0,,22:38:31,2024-07-28,3
D1,0,,22:38:33,2024-07-28,3
B3,0,,22:38:36,2024-07-28,3
D2,0,,22:38:38,2024-07-28,3
B4,0,,22:38:41,2024-07-28,3
D3,0,,22:38:43,2024-07-28,3
C2,0,,22:38:44,2024-07-28,3
B1,0,,22:38:46,2024-07-28,3
D4,0,,22:38:48,2024-07-28,3
C3,0,,22:38:49,2024-07-28,3
B2,72,,22:38:51,2024-07-28,36
D1,0,,22:38:53,2024-07-28,3
C4,0,,22:38:54,2024-07-28,3
D2,10,,22:38:58,2024-07-28,5
C1,18,,22:38:59,2024-07-28,9
D3,0,,22:39:05,2024-07-28,3
A3,68,33.3,22:39:08,2024-07-28,34
C2,0,,22:39:10,2024-07-28,3
D4,0,,22:39:10,2024-07-28,3
C3,0,,22:39:15,2024-07-28,3
D1,0,,22:39:15,2024-07-28,3
C4,0,,22:39:20,2024-07-28,3
D2,0,,22:39:20,2024-07-28,3
C1,0,,22:39:25,2024-07-28,3
D3,0,,22:39:25,2024-07-28,3
B3,2,,22:39:29,2024-07-28,3
C2,0,,22:39:30,2024-07-28,3
D4,0,,22:39:30,2024-07-28,3
B4,0,,22:39:34,2024-07-28,3
C3,0,,22:39:35,2024-07-28,3
D1,14,,22:39:35,2024-07-28,7
B1,0,,22:39:39,2024-07-28,3
C4,0,,22:39:40,2024-07-28,3
B2,13,,22:39:44,2024-07-28,7
D2,3,,22:39:44,2024-07-28,3
C1,0,,22:39:45,2024-07-28,3
A4,69,33.3,22:39:46,2024-07-28,35
D3,0,,22:39:49,2024-07-28,3
C2,0,,22:39:50,2024-07-28,3
B3,0,,22:39:54,2024-07-28,3
D4,0,,22:39:54,2024-07-28,3
C3,0,,22:39:55,2024-07-28,3
B4,0,,22:39:59,2024-07-28,3
D1,0,,22:39:59,2024-07-28,3
C4,0,,22:40:00,2024-07-28,3
B1,0,,22:40:04,2024-07-28,3
D2,0,,22:40:04,2024-07-28,3
C1,0,,22:40:06,2024-07-28,3
B2,0,,22:40:09,2024-07-28,3
D3,0,,22:40:09,2024-07-28,3
C2,0,,22:40:11,2024-07-28,3
B3,0,,22:40:14,2024-07-28,3
D4,0,,22:40:14,2024-07-28,3
C3,0,,22:40:16,2024-07-28,3
B4,0,,22:40:19,2024-07-28,3
D1,2,,22:40:19,2024-07-28,3
C4,2,,22:40:21,2024-07-28,3
A1,61,33.3,22:40:24,2024-07-28,31
B1,0,,22:40:24,2024-07-28,3
D2,0,,22:40:24,2024-07-28,3
C1,13,,22:40:26,2024-07-28,7
B2,0,,22:40:29,2024-07-28,3
D3,0,,22:40:29,2024-07-28,3
B3,0,,22:40:34,2024-07-28,3
D4,0,,22:40:34,2024-07-28,3
C2,0,,22:40:35,2024-07-28,3
B4,0,,22:40:39,2024-07-28,3
D1,0,,22:40:39,2024-07-28,3
C3,0,,22:40:40,2024-07-28,3
B1,0,,22:40:44,2024-07-28,3
D2,0,,22:40:44,2024-07-28,3
C4,0,,22:40:45,2024-07-28,3
B2,0,,22:40:49,2024-07-28,3
D3,0,,22:40:49,2024-07-28,3
C1,0,,22:40:50,2024-07-28,3
B3,0,,22:40:54,2024-07-28,3
D4,0,,22:40:54,2024-07-28,3
C2,0,,22:40:55,2024-07-28,3
A2,4,33.3,22:40:58,2024-07-28,3
B4,0,,22:40:59,2024-07-28,3
D1,0,,22:40:59,2024-07-28,3
C3,0,,22:41:00,2024-07-28,3
A3,70,33.3,22:41:04,2024-07-28,35
B1,0,,22:41:04,2024-07-28,3
C4,0,,22:41:05,2024-07-28,3
D2,2,,22:41:05,2024-07-28,3
B2,12,,22:41:09,2024-07-28,6
C1,48,,22:41:10,2024-07-28,24
D3,0,,22:41:10,2024-07-28,3
D4,0,,22:41:15,2024-07-28,3
B3,0,,22:41:17,2024-07-28,3
D1,0,,22:41:20,2024-07-28,3
B4,0,,22:41:22,2024-07-28,3
D2,0,,22:41:25,2024-07-28,3
B1,0,,22:41:27,2024-07-28,3
D3,0,,22:41:30,2024-07-28,3
B2,3,,22:41:32,2024-07-28,3
D4,0,,22:41:35,2024-07-28,3
C2,0,,22:41:36,2024-07-28,3
B3,0,,22:41:37,2024-07-28,3
D1,2,,22:41:40,2024-07-28,3
C3,0,,22:41:41,2024-07-28,3
B4,0,,22:41:42,2024-07-28,3
A4,54,33.3,22:41:43,2024-07-28,27
D2,9,,22:41:45,2024-07-28,5
C4,0,,22:41:46,2024-07-28,3
B1,0,,22:41:47,2024-07-28,3
C1,0,,22:41:51,2024-07-28,3
B2,0,,22:41:52,2024-07-28,3
D3,0,,22:41:52,2024-07-28,3
C2,0,,22:41:56,2024-07-28,3
B3,0,,22:41:57,2024-07-28,3
D4,0,,22:41:57,2024-07-28,3
C3,0,,22:42:01,2024-07-28,3
B4,0,,22:42:02,2024-07-28,3
D1,0,,22:42:02,2024-07-28,3
C4,0,,22:42:06,2024-07-28,3
B1,0,,22:42:07,2024-07-28,3
D2,0,,22:42:07,2024-07-28,3
C1,0,,22:42:11,2024-07-28,3
B2,0,,22:42:12,2024-07-28,3
D3,0,,22:42:12,2024-07-28,3
A1,86,33.3,22:42:14,2024-07-28,43
C2,0,,22:42:16,2024-07-28,3
B3,1,,22:42:17,2024-07-28,3
D4,0,,22:42:17,2024-07-28,3
C3,0,,22:42:21,2024-07-28,3
B4,0,,22:42:22,2024-07-28,3
D1,0,,22:42:22,2024-07-28,3
C4,0,,22:42:26,2024-07-28,3
D2,0,,22:42:27,2024-07-28,3
B1,0,,22:42:28,2024-07-28,3
C1,0,,22:42:31,2024-07-28,3
D3,0,,22:42:32,2024-07-28,3
B2,0,,22:42:33,2024-07-28,3
C2,0,,22:42:36,2024-07-28,3
D4,0,,22:42:37,2024-07-28,3
B3,0,,22:42:38,2024-07-28,3
C3,0,,22:42:41,2024-07-28,3
D1,0,,22:42:42,2024-07-28,3
B4,0,,22:42:43,2024-07-28,3
C4,0,,22:42:46,2024-07-28,3
D2,0,,22:42:47,2024-07-28,3
B1,0,,22:42:48,2024-07-28,3
C1,68,,22:42:51,2024-07-28,34
D3,0,,22:42:52,2024-07-28,3
B2,17,,22:42:53,2024-07-28,9
D4,0,,22:42:57,2024-07-28,3
A2,81,33.3,22:42:59,2024-07-28,41
D1,0,,22:43:02,2024-07-28,3
B3,0,,22:43:04,2024-07-28,3
D2,0,,22:43:07,2024-07-28,3
B4,0,,22:43:09,2024-07-28,3
D3,0,,22:43:12,2024-07-28,3
B1,0,,22:43:14,2024-07-28,3
D4,0,,22:43:17,2024-07-28,3
B2,0,,22:43:19,2024-07-28,3
D1,0,,22:43:22,2024-07-28,3
B3,0,,22:43:24,2024-07-28,3
C2,0,,22:43:27,2024-07-28,3
D2,13,,22:43:27,2024-07-28,7
B4,0,,22:43:29,2024-07-28,3
C3,0,,22:43:32,2024-07-28,3
B1,0,,22:43:34,2024-07-28,3
C4,0,,22:43:37,2024-07-28,3
D3,0,,22:43:37,2024-07-28,3
B2,64,,22:43:39,2024-07-28,32
C1,16,,22:43:42,2024-07-28,8
D4,0,,22:43:42,2024-07-28,3
A3,99,33.3,22:43:43,2024-07-28,50
D1,0,,22:43:47,2024-07-28,3
C2,0,,22:43:52,2024-07-28,3
D2,0,,22:43:52,2024-07-28,3
D3,0,,22:43:57,2024-07-28,3
C3,0,,22:43:58,2024-07-28,3
D4,0,,22:44:02,2024-07-28,3
C4,0,,22:44:03,2024-07-28,3
D1,0,,22:44:07,2024-07-28,3
C1,0,,22:44:08,2024-07-28,3
D2,0,,22:44:12,2024-07-28,3
B3,2,,22:44:13,2024-07-28,3
C2,0,,22:44:13,2024-07-28,3
D3,0,,22:44:17,2024-07-28,3
B4,0,,22:44:18,2024-07-28,3
C3,0,,22:44:18,2024-07-28,3
D4,0,,22:44:22,2024-07-28,3
B1,0,,22:44:23,2024-07-28,3
C4,0,,22:44:23,2024-07-28,3
D1,0,,22:44:27,2024-07-28,3
B2,19,,22:44:28,2024-07-28,10
C1,0,,22:44:28,2024-07-28,3
D2,0,,22:44:32,2024-07-28,3
C2,0,,22:44:33,2024-07-28,3
A4,81,33.3,22:44:37,2024-07-28,41
D3,0,,22:44:37,2024-07-28,3
C3,0,,22:44:38,2024-07-28,3
B3,0,,22:44:40,2024-07-28,3
D4,0,,22:44:42,2024-07-28,3
C4,0,,22:44:43,2024-07-28,3
B4,0,,22:44:45,2024-07-28,3
D1,0,,22:44:47,2024-07-28,3
C1,0,,22:44:48,2024-07-28,3
B1,0,,22:44:50,2024-07-28,3
D2,0,,22:44:52,2024-07-28,3
C2,0,,22:44:53,2024-07-28,3
B2,0,,22:44:55,2024-07-28,3
D3,0,,22:44:57,2024-07-28,3
C3,0,,22:44:58,2024-07-28,3
B3,0,,22:45:00,2024-07-28,3
D4,0,,22:45:02,2024-07-28,3
C4,0,,22:45:03,2024-07-28,3
B4,0,,22:45:05,2024-07-28,3
D1,3,,22:45:07,2024-07-28,3
C1,16,,22:45:08,2024-07-28,8
B1,0,,22:45:10,2024-07-28,3
D2,0,,22:45:12,2024-07-28,3
B2,0,,22:45:15,2024-07-28,3
D3,0,,22:45:17,2024-07-28,3
C2,0,,22:45:18,2024-07-28,3
B3,0,,22:45:20,2024-07-28,3
A1,96,33.3,22:45:21,2024-07-28,48
D4,0,,22:45:22,2024-07-28,3
C3,0,,22:45:23,2024-07-28,3
B4,0,,22:45:25,2024-07-28,3
D1,0,,22:45:27,2024-07-28,3
C4,0,,22:45:28,2024-07-28,3
B1,0,,22:45:30,2024-07-28,3
D2,0,,22:45:32,2024-07-28,3
C1,0,,22:45:33,2024-07-28,3
B2,0,,22:45:36,2024-07-28,3
D3,0,,22:45:37,2024-07-28,3
C2,0,,22:45:38,2024-07-28,3
B3,0,,22:45:41,2024-07-28,3
D4,0,,22:45:42,2024-07-28,3
C3,0,,22:45:43,2024-07-28,3
B4,0,,22:45:46,2024-07-28,3
D1,0,,22:45:47,2024-07-28,3
C4,0,,22:45:48,2024-07-28,3
B1,0,,22:45:51,2024-07-28,3
C1,76,,22:45:53,2024-07-28,38
D2,3,,22:45:53,2024-07-28,3
B2,19,,22:45:56,2024-07-28,10
D3,0,,22:45:58,2024-07-28,3
D4,0,,22:46:03,2024-07-28,3
B3,0,,22:46:08,2024-07-28,3
D1,0,,22:46:08,2024-07-28,3
A2,53,33.3,22:46:12,2024-07-28,27
B4,0,,22:46:13,2024-07-28,3
D2,0,,22:46:13,2024-07-28,3
B1,0,,22:46:18,2024-07-28,3
D3,0,,22:46:18,2024-07-28,3
B2,0,,22:46:23,2024-07-28,3
D4,0,,22:46:23,2024-07-28,3
B3,0,,22:46:28,2024-07-28,3
D1,3,,22:46:28,2024-07-28,3
B4,0,,22:46:33,2024-07-28,3
C2,0,,22:46:33,2024-07-28,3
D2,15,,22:46:33,2024-07-28,8
B1,0,,22:46:38,2024-07-28,3
C3,0,,22:46:38,2024-07-28,3
A3,40,33.3,22:46:42,2024-07-28,20
B2,42,,22:46:43,2024-07-28,21
C4,0,,22:46:43,2024-07-28,3
D3,0,,22:46:43,2024-07-28,3
C1,10,,22:46:48,2024-07-28,5
D4,0,,22:46:48,2024-07-28,3
D1,0,,22:46:53,2024-07-28,3
C2,0,,22:46:55,2024-07-28,3
D2,0,,22:46:58,2024-07-28,3
C3,0,,22:47:01,2024-07-28,3
D3,0,,22:47:03,2024-07-28,3
A4,88,33.3,22:47:05,2024-07-28,44
B3,3,,22:47:06,2024-07-28,3
C4,0,,22:47:06,2024-07-28,3
D4,0,,22:47:08,2024-07-28,3
B4,0,,22:47:11,2024-07-28,3
C1,0,,22:47:11,2024-07-28,3
D1,8,,22:47:13,2024-07-28,4
B1,0,,22:47:16,2024-07-28,3
C2,0,,22:47:16,2024-07-28,3
D2,2,,22:47:19,2024-07-28,3
B2,8,,22:47:21,2024-07-28,4
C3,0,,22:47:21,2024-07-28,3
D3,0,,22:47:24,2024-07-28,3
C4,0,,22:47:26,2024-07-28,3
B3,0,,22:47:27,2024-07-28,3
D4,0,,22:47:29,2024-07-28,3
C1,0,,22:47:31,2024-07-28,3
B4,0,,22:47:32,2024-07-28,3
D1,0,,22:47:34,2024-07-28,3
C2,0,,22:47:36,2024-07-28,3
B1,0,,22:47:37,2024-07-28,3
D2,0,,22:47:39,2024-07-28,3
C3,0,,22:47:41,2024-07-28,3
B2,0,,22:47:42,2024-07-28,3
D3,0,,22:47:44,2024-07-28,3
C4,1,,22:47:46,2024-07-28,3
B3,0,,22:47:47,2024-07-28,3
D4,0,,22:47:50,2024-07-28,3
C1,17,,22:47:51,2024-07-28,9
A1,74,33.3,22:47:52,2024-07-28,37
B4,0,,22:47:52,2024-07-28,3
D1,1,,22:47:55,2024-07-28,3
B1,0,,22:47:57,2024-07-28,3
D2,0,,22:48:00,2024-07-28,3
C2,0,,22:48:02,2024-07-28,3
B2,0,,22:48:03,2024-07-28,3
D3,0,,22:48:05,2024-07-28,3
C3,0,,22:48:07,2024-07-28,3
B3,0,,22:48:08,2024-07-28,3
D4,0,,22:48:10,2024-07-28,3
C4,0,,22:48:12,2024-07-28,3
B4,0,,22:48:13,2024-07-28,3
D1,0,,22:48:15,2024-07-28,3
C1,0,,22:48:17,2024-07-28,3
B1,0,,22:48:18,2024-07-28,3
D2,0,,22:48:20,2024-07-28,3
C2,0,,22:48:22,2024-07-28,3
B2,14,,22:48:23,2024-07-28,7
D3,0,,22:48:25,2024-07-28,3
C3,0,,22:48:27,2024-07-28,3
D4,0,,22:48:30,2024-07-28,3
B3,0,,22:48:32,2024-07-28,3
C4,0,,22:48:32,2024-07-28,3
A2,80,33.3,22:48:33,2024-07-28,40
D1,0,,22:48:35,2024-07-28,3
B4,0,,22:48:37,2024-07-28,3
C1,59,,22:48:37,2024-07-28,30
D2,0,,22:48:40,2024-07-28,3
B1,0,,22:48:42,2024-07-28,3
D3,0,,22:48:45,2024-07-28,3
B2,0,,22:48:47,2024-07-28,3
D4,0,,22:48:50,2024-07-28,3
B3,0,,22:48:52,2024-07-28,3
D1,2,,22:48:55,2024-07-28,3
B4,0,,22:48:57,2024-07-28,3
D2,0,,22:49:00,2024-07-28,3
B1,0,,22:49:02,2024-07-28,3
D3,0,,22:49:05,2024-07-28,3
B2,64,,22:49:07,2024-07-28,32
C2,0,,22:49:09,2024-07-28,3
D4,0,,22:49:10,2024-07-28,3
C3,0,,22:49:14,2024-07-28,3
D1,0,,22:49:15,2024-07-28,3
A3,83,33.3,22:49:16,2024-07-28,42
C4,0,,22:49:19,2024-07-28,3
D2,11,,22:49:20,2024-07-28,6
C1,0,,22:49:24,2024-07-28,3
D3,0,,22:49:28,2024-07-28,3
C2,0,,22:49:29,2024-07-28,3
D4,0,,22:49:33,2024-07-28,3
C3,0,,22:49:35,2024-07-28,3
D1,12,,22:49:39,2024-07-28,6
C4,0,,22:49:40,2024-07-28,3
B3,0,,22:49:41,2024-07-28,3
C1,0,,22:49:45,2024-07-28,3
B4,0,,22:49:46,2024-07-28,3
D2,0,,22:49:47,2024-07-28,3
C2,0,,22:49:50,2024-07-28,3
B1,0,,22:49:51,2024-07-28,3
D3,0,,22:49:52,2024-07-28,3
C3,0,,22:49:55,2024-07-28,3
B2,16,,22:49:56,2024-07-28,8
D4,0,,22:49:57,2024-07-28,3
C4,0,,22:50:00,2024-07-28,3
A4,53,33.3,22:50:01,2024-07-28,27
D1,0,,22:50:02,2024-07-28,3
C1,0,,22:50:05,2024-07-28,3
B3,2,,22:50:06,2024-07-28,3
D2,0,,22:50:07,2024-07-28,3
C2,0,,22:50:10,2024-07-28,3
B4,0,,22:50:11,2024-07-28,3
D3,0,,22:50:12,2024-07-28,3
C3,0,,22:50:15,2024-07-28,3
B1,0,,22:50:16,2024-07-28,3
D4,0,,22:50:17,2024-07-28,3
C4,2,,22:50:20,2024-07-28,3
B2,0,,22:50:21,2024-07-28,3
D1,0,,22:50:22,2024-07-28,3
C1,0,,22:50:25,2024-07-28,3
B3,0,,22:50:26,2024-07-28,3
D2,0,,22:50:27,2024-07-28,3
C2,0,,22:50:30,2024-07-28,3
A1,100,33.3,22:50:31,2024-07-28,50
B4,0,,22:50:32,2024-07-28,3
D3,0,,22:50:32,2024-07-28,3
C3,0,,22:50:35,2024-07-28,3
B1,0,,22:50:37,2024-07-28,3
D4,0,,22:50:37,2024-07-28,3
C4,0,,22:50:40,2024-07-28,3
B2,0,,22:50:42,2024-07-28,3
D1,3,,22:50:42,2024-07-28,3
C1,10,,22:50:45,2024-07-28,5
B3,0,,22:50:47,2024-07-28,3
D2,0,,22:50:47,2024-07-28,3
B4,0,,22:50:52,2024-07-28,3
C2,0,,22:50:52,2024-07-28,3
D3,0,,22:50:52,2024-07-28,3
B1,0,,22:50:57,2024-07-28,3
C3,0,,22:50:57,2024-07-28,3
D4,0,,22:50:57,2024-07-28,3
B2,20,,22:51:02,2024-07-28,10
C4,0,,22:51:02,2024-07-28,3
D1,0,,22:51:02,2024-07-28,3
C1,80,,22:51:07,2024-07-28,40
D2,0,,22:51:07,2024-07-28,3
D3,0,,22:51:12,2024-07-28,3
B3,0,,22:51:14,2024-07-28,3
D4,0,,22:51:17,2024-07-28,3
B4,0,,22:51:19,2024-07-28,3
D1,0,,22:51:23,2024-07-28,3
B1,0,,22:51:24,2024-07-28,3
A2,43,33.3,22:51:25,2024-07-28,22
D2,2,,22:51:28,2024-07-28,3
B2,0,,22:51:29,2024-07-28,3
D3,0,,22:51:33,2024-07-28,3
B3,0,,22:51:34,2024-07-28,3
D4,0,,22:51:38,2024-07-28,3
B4,0,,22:51:39,2024-07-28,3
D1,4,,22:51:43,2024-07-28,3
B1,0,,22:51:44,2024-07-28,3
D2,16,,22:51:48,2024-07-28,8
B2,0,,22:51:49,2024-07-28,3
C2,0,,22:51:49,2024-07-28,3
A3,31,33.3,22:51:51,2024-07-28,16
B3,0,,22:51:54,2024-07-28,3
C3,0,,22:51:54,2024-07-28,3
D3,0,,22:51:58,2024-07-28,3
B4,0,,22:51:59,2024-07-28,3
C4,0,,22:52:00,2024-07-28,3
D4,0,,22:52:03,2024-07-28,3
B1,0,,22:52:04,2024-07-28,3
C1,8,,22:52:05,2024-07-28,4
D1,0,,22:52:08,2024-07-28,3
B2,34,,22:52:09,2024-07-28,17
A4,109,33.3,22:52:10,2024-07-28,50
C2,0,,22:52:11,2024-07-28,3
D2,0,,22:52:13,2024-07-28,3
C3,0,,22:52:16,2024-07-28,3
D3,0,,22:52:18,2024-07-28,3
C4,0,,22:52:21,2024-07-28,3
D4,0,,22:52:23,2024-07-28,3
C1,0,,22:52:26,2024-07-28,3
D1,0,,22:52:28,2024-07-28,3
B3,3,,22:52:29,2024-07-28,3
C2,0,,22:52:31,2024-07-28,3
D2,0,,22:52:33,2024-07-28,3
B4,0,,22:52:34,2024-07-28,3
C3,0,,22:52:36,2024-07-28,3
D3,0,,22:52:38,2024-07-28,3
B1,0,,22:52:39,2024-07-28,3
C4,0,,22:52:41,2024-07-28,3
D4,0,,22:52:43,2024-07-28,3
B2,0,,22:52:44,2024-07-28,3
C1,21,,22:52:46,2024-07-28,11
D1,6,,22:52:48,2024-07-28,3
B3,0,,22:52:49,2024-07-28,3
D2,0,,22:52:53,2024-07-28,3
B4,0,,22:52:54,2024-07-28,3
D3,0,,22:52:58,2024-07-28,3
B1,0,,22:52:59,2024-07-28,3
C2,0,,22:52:59,2024-07-28,3
A1,49,33.3,22:53:04,2024-07-28,25
B2,0,,22:53:04,2024-07-28,3
C3,0,,22:53:04,2024-07-28,3
D4,0,,22:53:04,2024-07-28,3
B3,0,,22:53:09,2024-07-28,3
C4,0,,22:53:09,2024-07-28,3
D1,0,,22:53:09,2024-07-28,3
B4,0,,22:53:14,2024-07-28,3
C1,0,,22:53:14,2024-07-28,3
D2,0,,22:53:14,2024-07-28,3
B1,0,,22:53:19,2024-07-28,3
C2,0,,22:53:19,2024-07-28,3
D3,0,,22:53:19,2024-07-28,3
B2,0,,22:53:24,2024-07-28,3
C3,0,,22:53:24,2024-07-28,3
D4,0,,22:53:24,2024-07-28,3
B3,0,,22:53:29,2024-07-28,3
C4,1,,22:53:29,2024-07-28,3
D1,0,,22:53:29,2024-07-28,3
A2,109,33.3,22:53:31,2024-07-28,50
B4,0,,22:53:34,2024-07-28,3
C1,39,,22:53:34,2024-07-28,20
D2,0,,22:53:34,2024-07-28,3
B1,0,,22:53:39,2024-07-28,3
D3,0,,22:53:39,2024-07-28,3
B2,9,,22:53:44,2024-07-28,5
D4,0,,22:53:44,2024-07-28,3
D1,0,,22:53:49,2024-07-28,3
B3,0,,22:53:51,2024-07-28,3
D2,0,,22:53:54,2024-07-28,3
B4,0,,22:53:56,2024-07-28,3
C2,0,,22:53:56,2024-07-28,3
D3,0,,22:53:59,2024-07-28,3
B1,0,,22:54:01,2024-07-28,3
C3,0,,22:54:01,2024-07-28,3
D4,0,,22:54:04,2024-07-28,3
B2,87,,22:54:06,2024-07-28,44
C4,0,,22:54:07,2024-07-28,3
D1,0,,22:54:09,2024-07-28,3
C1,21,,22:54:12,2024-07-28,11
D2,7,,22:54:14,2024-07-28,4
D3,0,,22:54:20,2024-07-28,3
A3,88,33.3,22:54:25,2024-07-28,44
C2,0,,22:54:25,2024-07-28,3
D4,0,,22:54:25,2024-07-28,3
C3,0,,22:54:30,2024-07-28,3
D1,1,,22:54:30,2024-07-28,3
C4,0,,22:54:35,2024-07-28,3
D2,0,,22:54:36,2024-07-28,3
C1,0,,22:54:40,2024-07-28,3
D3,0,,22:54:41,2024-07-28,3
C2,0,,22:54:45,2024-07-28,3
D4,0,,22:54:46,2024-07-28,3
C3,0,,22:54:50,2024-07-28,3
D1,17,,22:54:51,2024-07-28,9
B3,1,,22:54:53,2024-07-28,3
C4,0,,22:54:55,2024-07-28,3
B4,0,,22:54:58,2024-07-28,3
C1,0,,22:55:00,2024-07-28,3
D2,4,,22:55:02,2024-07-28,3
B1,0,,22:55:03,2024-07-28,3
C2,0,,22:55:05,2024-07-28,3
D3,0,,22:55:07,2024-07-28,3
B2,17,,22:55:08,2024-07-28,9
C3,0,,22:55:10,2024-07-28,3
D4,0,,22:55:12,2024-07-28,3
A4,97,33.3,22:55:13,2024-07-28,50
C4,0,,22:55:15,2024-07-28,3
D1,0,,22:55:17,2024-07-28,3
B3,0,,22:55:19,2024-07-28,3
C1,0,,22:55:20,2024-07-28,3
D2,0,,22:55:22,2024-07-28,3
B4,0,,22:55:24,2024-07-28,3
C2,0,,22:55:25,2024-07-28,3
D3,0,,22:55:27,2024-07-28,3
B1,0,,22:55:29,2024-07-28,3
C3,0,,22:55:30,2024-07-28,3
D4,0,,22:55:32,2024-07-28,3
B2,0,,22:55:34,2024-07-28,3
C4,3,,22:55:35,2024-07-28,3
D1,0,,22:55:37,2024-07-28,3
B3,0,,22:55:39,2024-07-28,3
C1,0,,22:55:40,2024-07-28,3
D2,0,,22:55:42,2024-07-28,3
B4,0,,22:55:44,2024-07-28,3
C2,0,,22:55:45,2024-07-28,3
D3,0,,22:55:47,2024-07-28,3
B1,0,,22:55:49,2024-07-28,3
C3,0,,22:55:50,2024-07-28,3
D4,0,,22:55:52,2024-07-28,3
B2,0,,22:55:54,2024-07-28,3
C4,0,,22:55:56,2024-07-28,3
D1,0,,22:55:57,2024-07-28,3
B3,0,,22:55:59,2024-07-28,3
C1,0,,22:56:01,2024-07-28,3
D2,0,,22:56:03,2024-07-28,3
B4,0,,22:56:04,2024-07-28,3
A1,92,33.3,22:56:06,2024-07-28,46
C2,0,,22:56:06,2024-07-28,3
D3,0,,22:56:08,2024-07-28,3
B1,0,,22:56:09,2024-07-28,3
C3,0,,22:56:11,2024-07-28,3
D4,0,,22:56:13,2024-07-28,3
B2,0,,22:56:14,2024-07-28,3
C4,0,,22:56:16,2024-07-28,3
D1,0,,22:56:18,2024-07-28,3
B3,0,,22:56:19,2024-07-28,3
C1,0,,22:56:21,2024-07-28,3
D2,0,,22:56:23,2024-07-28,3
B4,0,,22:56:24,2024-07-28,3
C2,0,,22:56:26,2024-07-28,3
D3,0,,22:56:28,2024-07-28,3
B1,0,,22:56:29,2024-07-28,3
C3,0,,22:56:31,2024-07-28,3
D4,0,,22:56:33,2024-07-28,3
B2,0,,22:56:34,2024-07-28,3
C4,0,,22:56:36,2024-07-28,3
D1,0,,22:56:38,2024-07-28,3
B3,0,,22:56:40,2024-07-28,3
C1,73,,22:56:41,2024-07-28,37
D2,0,,22:56:43,2024-07-28,3
B4,0,,22:56:45,2024-07-28,3
D3,0,,22:56:48,2024-07-28,3
B1,0,,22:56:50,2024-07-28,3
D4,0,,22:56:53,2024-07-28,3
A2,48,33.3,22:56:55,2024-07-28,29
B2,0,,22:56:55,2024-07-28,3
D1,0,,22:56:58,2024-07-28,3
B3,0,,22:57:00,2024-07-28,3
D2,0,,22:57:03,2024-07-28,3
B4,0,,22:57:05,2024-07-28,3
D3,0,,22:57:08,2024-07-28,3
B1,0,,22:57:10,2024-07-28,3
D4,0,,22:57:13,2024-07-28,3
B2,0,,22:57:15,2024-07-28,3
D1,0,,22:57:18,2024-07-28,3
B3,0,,22:57:20,2024-07-28,3
C2,0,,22:57:20,2024-07-28,3
D2,14,,22:57:23,2024-07-28,7
B4,0,,22:57:25,2024-07-28,3
C3,0,,22:57:25,2024-07-28,3
A3,67,33.3,22:57:28,2024-07-28,34
B1,0,,22:57:30,2024-07-28,3
C4,0,,22:57:30,2024-07-28,3
D3,0,,22:57:33,2024-07-28,3
B2,45,,22:57:35,2024-07-28,23
C1,11,,22:57:35,2024-07-28,6
D4,0,,22:57:38,2024-07-28,3
C2,0,,22:57:43,2024-07-28,3
D1,0,,22:57:43,2024-07-28,3
C3,0,,22:57:48,2024-07-28,3
D2,0,,22:57:48,2024-07-28,3
C4,0,,22:57:53,2024-07-28,3
D3,0,,22:57:53,2024-07-28,3
C1,0,,22:57:58,2024-07-28,3
D4,0,,22:57:58,2024-07-28,3
B3,2,,22:58:00,2024-07-28,3
C2,0,,22:58:03,2024-07-28,3
D1,0,,22:58:03,2024-07-28,3
A4,63,33.3,22:58:05,2024-07-28,35
B4,0,,22:58:05,2024-07-28,3
D2,2,,22:58:08,2024-07-28,3
C3,0,,22:58:09,2024-07-28,3
B1,0,,22:58:10,2024-07-28,3
D3,0,,22:58:13,2024-07-28,3
C4,0,,22:58:14,2024-07-28,3
B2,0,,22:58:15,2024-07-28,3
D4,0,,22:58:18,2024-07-28,3
C1,0,,22:58:19,2024-07-28,3
B3,0,,22:58:21,2024-07-28,3
D1,0,,22:58:23,2024-07-28,3
C2,0,,22:58:24,2024-07-28,3
B4,0,,22:58:26,2024-07-28,3
D2,0,,22:58:28,2024-07-28,3
C3,0,,22:58:29,2024-07-28,3
B1,0,,22:58:31,2024-07-28,3
D3,0,,22:58:33,2024-07-28,3
C4,0,,22:58:34,2024-07-28,3
B2,0,,22:58:36,2024-07-28,3
D4,0,,22:58:38,2024-07-28,3
C1,13,,22:58:39,2024-07-28,7
B3,0,,22:58:41,2024-07-28,3
D1,0,,22:58:43,2024-07-28,3
A1,59,33.3,22:58:44,2024-07-28,30
B4,0,,22:58:46,2024-07-28,3
C2,0,,22:58:48,2024-07-28,3
D2,0,,22:58:49,2024-07-28,3
B1,0,,22:58:51,2024-07-28,3
C3,0,,22:58:53,2024-07-28,3
D3,0,,22:58:54,2024-07-28,3
B2,0,,22:58:56,2024-07-28,3
C4,0,,22:58:58,2024-07-28,3
D4,0,,22:58:59,2024-07-28,3
B3,0,,22:59:01,2024-07-28,3
C1,0,,22:59:03,2024-07-28,3
D1,0,,22:59:04,2024-07-28,3
B4,0,,22:59:06,2024-07-28,3
C2,0,,22:59:08,2024-07-28,3
D2,0,,22:59:09,2024-07-28,3
B1,0,,22:59:11,2024-07-28,3
C3,0,,22:59:13,2024-07-28,3
D3,0,,22:59:14,2024-07-28,3
B2,11,,22:59:16,2024-07-28,6
A2,18,33.3,22:59:18,2024-07-28,9
C4,0,,22:59:18,2024-07-28,3
D4,0,,22:59:19,2024-07-28,3
C1,47,,22:59:23,2024-07-28,24
B3,0,,22:59:24,2024-07-28,3
D1,0,,22:59:24,2024-07-28,3
B4,0,,22:59:29,2024-07-28,3
D2,0,,22:59:29,2024-07-28,3
D3,0,,22:59:34,2024-07-28,3
B1,0,,22:59:35,2024-07-28,3
D4,0,,22:59:39,2024-07-28,3
B2,0,,22:59:40,2024-07-28,3
D1,0,,22:59:44,2024-07-28,3
B3,0,,22:59:45,2024-07-28,3
A3,108,33.3,22:59:46,2024-07-28,50
C2,0,,22:59:49,2024-07-28,3
B4,0,,22:59:50,2024-07-28,3
D2,0,,22:59:50,2024-07-28,3
B1,0,,22:59:55,2024-07-28,3
C3,0,,22:59:55,2024-07-28,3
D3,0,,22:59:55,2024-07-28,3
B2,14,,23:00:00,2024-07-28,7
C4,0,,23:00:00,2024-07-28,3
D4,0,,23:00:00,2024-07-28,3
C1,3,,23:00:05,2024-07-28,3
D1,0,,23:00:05,2024-07-28,3
B3,0,,23:00:09,2024-07-28,3
C2,0,,23:00:10,2024-07-28,3
D2,9,,23:00:10,2024-07-28,5
B4,0,,23:00:14,2024-07-28,3
C3,0,,23:00:15,2024-07-28,3
D3,0,,23:00:17,2024-07-28,3
B1,0,,23:00:19,2024-07-28,3
C4,0,,23:00:20,2024-07-28,3
D4,0,,23:00:22,2024-07-28,3
B2,21,,23:00:24,2024-07-28,11
C1,0,,23:00:25,2024-07-28,3
D1,0,,23:00:27,2024-07-28,3
C2,0,,23:00:30,2024-07-28,3
D2,0,,23:00:32,2024-07-28,3
C3,0,,23:00:35,2024-07-28,3
B3,0,,23:00:37,2024-07-28,3
D3,0,,23:00:37,2024-07-28,3
A4,107,33.3,23:00:38,2024-07-28,50
C4,0,,23:00:40,2024-07-28,3
B4,0,,23:00:42,2024-07-28,3
D4,0,,23:00:42,2024-07-28,3
C1,0,,23:00:45,2024-07-28,3
B1,0,,23:00:47,2024-07-28,3
D1,0,,23:00:47,2024-07-28,3
C2,0,,23:00:50,2024-07-28,3
D2,0,,23:00:52,2024-07-28,3
B2,0,,23:00:53,2024-07-28,3
C3,0,,23:00:55,2024-07-28,3
D3,0,,23:00:57,2024-07-28,3
B3,0,,23:00:58,2024-07-28,3
C4,0,,23:01:00,2024-07-28,3
B4,0,,23:01:03,2024-07-28,3
D4,0,,23:01:03,2024-07-28,3
C1,0,,23:01:05,2024-07-28,3
B1,0,,23:01:08,2024-07-28,3
D1,4,,23:01:08,2024-07-28,3
C2,0,,23:01:10,2024-07-28,3
B2,0,,23:01:13,2024-07-28,3
D2,0,,23:01:13,2024-07-28,3
C3,0,,23:01:15,2024-07-28,3
B3,0,,23:01:18,2024-07-28,3
D3,0,,23:01:18,2024-07-28,3
C4,0,,23:01:21,2024-07-28,3
B4,0,,23:01:23,2024-07-28,3
D4,0,,23:01:23,2024-07-28,3
C1,0,,23:01:26,2024-07-28,3
B1,0,,23:01:28,2024-07-28,3
D1,0,,23:01:28,2024-07-28,3
C2,0,,23:01:31,2024-07-28,3
A1,103,33.3,23:01:32,2024-07-28,50
B2,0,,23:01:33,2024-07-28,3
D2,0,,23:01:33,2024-07-28,3
C3,0,,23:01:36,2024-07-28,3
B3,0,,23:01:38,2024-07-28,3
D3,0,,23:01:38,2024-07-28,3
C4,0,,23:01:41,2024-07-28,3
B4,0,,23:01:43,2024-07-28,3
D4,0,,23:01:43,2024-07-28,3
C1,0,,23:01:46,2024-07-28,3
B1,0,,23:01:48,2024-07-28,3
D1,0,,23:01:48,2024-07-28,3
C2,0,,23:01:51,2024-07-28,3
B2,0,,23:01:53,2024-07-28,3
D2,0,,23:01:53,2024-07-28,3
C3,0,,23:01:56,2024-07-28,3
D3,0,,23:01:58,2024-07-28,3
B3,0,,23:01:59,2024-07-28,3
C4,0,,23:02:01,2024-07-28,3
B4,0,,23:02:04,2024-07-28,3
D4,0,,23:02:04,2024-07-28,3
C1,82,,23:02:06,2024-07-28,41
B1,0,,23:02:09,2024-07-28,3
D1,0,,23:02:09,2024-07-28,3
B2,20,,23:02:14,2024-07-28,10
D2,0,,23:02:14,2024-07-28,3
D3,0,,23:02:19,2024-07-28,3
D4,0,,23:02:24,2024-07-28,3
A2,111,33.0,23:02:26,2024-07-28,50
B3,0,,23:02:26,2024-07-28,3
D1,0,,23:02:29,2024-07-28,3
B4,0,,23:02:31,2024-07-28,3
D2,0,,23:02:34,2024-07-28,3
B1,0,,23:02:36,2024-07-28,3
D3,0,,23:02:39,2024-07-28,3
B2,0,,23:02:41,2024-07-28,3
D4,0,,23:02:44,2024-07-28,3
B3,0,,23:02:46,2024-07-28,3
C2,0,,23:02:49,2024-07-28,3
D1,4,,23:02:49,2024-07-28,3
B4,0,,23:02:51,2024-07-28,3
C3,0,,23:02:54,2024-07-28,3
D2,0,,23:02:55,2024-07-28,3
B1,0,,23:02:56,2024-07-28,3
C4,0,,23:02:59,2024-07-28,3
D3,0,,23:03:00,2024-07-28,3
B2,88,,23:03:02,2024-07-28,44
C1,22,,23:03:05,2024-07-28,11
D4,0,,23:03:05,2024-07-28,3
D1,0,,23:03:10,2024-07-28,3
D2,0,,23:03:15,2024-07-28,3
C2,0,,23:03:18,2024-07-28,3
A3,98,33.0,23:03:19,2024-07-28,50
D3,0,,23:03:20,2024-07-28,3
C3,0,,23:03:23,2024-07-28,3
D4,0,,23:03:25,2024-07-28,3
C4,0,,23:03:28,2024-07-28,3
D1,0,,23:03:30,2024-07-28,3
C1,0,,23:03:33,2024-07-28,3
D2,4,,23:03:35,2024-07-28,3
C2,0,,23:03:38,2024-07-28,3
D3,0,,23:03:40,2024-07-28,3
C3,0,,23:03:43,2024-07-28,3
D4,0,,23:03:45,2024-07-28,3
B3,0,,23:03:48,2024-07-28,3
C4,0,,23:03:48,2024-07-28,3
D1,0,,23:03:50,2024-07-28,3
B4,0,,23:03:53,2024-07-28,3
C1,0,,23:03:53,2024-07-28,3
D2,0,,23:03:56,2024-07-28,3
B1,0,,23:03:58,2024-07-28,3
C2,0,,23:03:58,2024-07-28,3
D3,0,,23:04:01,2024-07-28,3
B2,21,,23:04:03,2024-07-28,11
C3,0,,23:04:03,2024-07-28,3
D4,0,,23:04:06,2024-07-28,3
C4,0,,23:04:08,2024-07-28,3
D1,0,,23:04:11,2024-07-28,3
A4,61,33.0,23:04:13,2024-07-28,34
C1,0,,23:04:13,2024-07-28,3
B3,0,,23:04:16,2024-07-28,3
D2,0,,23:04:16,2024-07-28,3
C2,0,,23:04:18,2024-07-28,3
B4,0,,23:04:21,2024-07-28,3
D3,0,,23:04:21,2024-07-28,3
C3,0,,23:04:23,2024-07-28,3
B1,0,,23:04:26,2024-07-28,3
D4,0,,23:04:26,2024-07-28,3
C4,0,,23:04:29,2024-07-28,3
B2,0,,23:04:31,2024-07-28,3
D1,0,,23:04:31,2024-07-28,3
C1,0,,23:04:34,2024-07-28,3
B3,0,,23:04:36,2024-07-28,3
D2,0,,23:04:36,2024-07-28,3
C2,0,,23:04:39,2024-07-28,3
B4,0,,23:04:41,2024-07-28,3
D3,0,,23:04:41,2024-07-28,3
C3,0,,23:04:44,2024-07-28,3
B1,0,,23:04:46,2024-07-28,3
D4,0,,23:04:47,2024-07-28,3
C4,0,,23:04:49,2024-07-28,3
A1,33,33.0,23:04:50,2024-07-28,18
B2,0,,23:04:52,2024-07-28,3
D1,0,,23:04:52,2024-07-28,3
C1,13,,23:04:54,2024-07-28,7
B3,0,,23:04:57,2024-07-28,3
D2,0,,23:04:57,2024-07-28,3
B4,0,,23:05:02,2024-07-28,3
D3,0,,23:05:02,2024-07-28,3
C2,0,,23:05:03,2024-07-28,3
B1,0,,23:05:07,2024-07-28,3
D4,0,,23:05:07,2024-07-28,3
C3,0,,23:05:08,2024-07-28,3
A2,100,33.0,23:05:11,2024-07-28,50
B2,0,,23:05:12,2024-07-28,3
D1,0,,23:05:12,2024-07-28,3
C4,0,,23:05:13,2024-07-28,3
B3,0,,23:05:17,2024-07-28,3
D2,0,,23:05:17,2024-07-28,3
C1,0,,23:05:18,2024-07-28,3
B4,0,,23:05:22,2024-07-28,3
D3,0,,23:05:22,2024-07-28,3
C2,0,,23:05:23,2024-07-28,3
B1,0,,23:05:27,2024-07-28,3
D4,0,,23:05:27,2024-07-28,3
C3,0,,23:05:28,2024-07-28,3
B2,7,,23:05:32,2024-07-28,4
D1,0,,23:05:32,2024-07-28,3
C4,0,,23:05:33,2024-07-28,3
D2,2,,23:05:37,2024-07-28,3
B3,0,,23:05:38,2024-07-28,3
C1,0,,23:05:39,2024-07-28,3
B4,0,,23:05:43,2024-07-28,3
D3,0,,23:05:43,2024-07-28,3
C2,0,,23:05:44,2024-07-28,3
B1,0,,23:05:48,2024-07-28,3
D4,0,,23:05:48,2024-07-28,3
C3,0,,23:05:49,2024-07-28,3
B2,88,,23:05:53,2024-07-28,44
D1,0,,23:05:53,2024-07-28,3
C4,0,,23:05:54,2024-07-28,3
D2,0,,23:05:58,2024-07-28,3
C1,0,,23:05:59,2024-07-28,3
D3,0,,23:06:03,2024-07-28,3
C2,0,,23:06:04,2024-07-28,3
A3,99,33.0,23:06:06,2024-07-28,50
D4,0,,23:06:08,2024-07-28,3
C3,0,,23:06:09,2024-07-28,3
D1,1,,23:06:13,2024-07-28,3
C4,0,,23:06:14,2024-07-28,3
D2,0,,23:06:18,2024-07-28,3
C1,0,,23:06:19,2024-07-28,3
D3,0,,23:06:23,2024-07-28,3
C2,0,,23:06:24,2024-07-28,3
D4,0,,23:06:28,2024-07-28,3
C3,0,,23:06:29,2024-07-28,3
D1,17,,23:06:33,2024-07-28,9
C4,0,,23:06:34,2024-07-28,3
C1,0,,23:06:39,2024-07-28,3
B3,0,,23:06:40,2024-07-28,3
C2,0,,23:06:44,2024-07-28,3
B4,0,,23:06:45,2024-07-28,3
D2,0,,23:06:45,2024-07-28,3
B1,0,,23:06:50,2024-07-28,3
C3,0,,23:06:50,2024-07-28,3
D3,0,,23:06:50,2024-07-28,3
B2,9,,23:06:55,2024-07-28,3
C4,0,,23:06:55,2024-07-28,3
D4,0,,23:06:55,2024-07-28,3
A4,95,33.0,23:06:59,2024-07-28,48
B3,0,,23:07:00,2024-07-28,3
C1,0,,23:07:00,2024-07-28,3
D1,0,,23:07:00,2024-07-28,3
B4,0,,23:07:05,2024-07-28,3
C2,0,,23:07:05,2024-07-28,3
D2,0,,23:07:05,2024-07-28,3
B1,0,,23:07:10,2024-07-28,3
C3,0,,23:07:10,2024-07-28,3
D3,0,,23:07:10,2024-07-28,3
B2,0,,23:07:15,2024-07-28,3
C4,3,,23:07:15,2024-07-28,3
D4,0,,23:07:15,2024-07-28,3
B3,0,,23:07:20,2024-07-28,3
C1,0,,23:07:20,2024-07-28,3
D1,0,,23:07:20,2024-07-28,3
B4,0,,23:07:25,2024-07-28,3
C2,0,,23:07:25,2024-07-28,3
D2,0,,23:07:25,2024-07-28,3
B1,0,,23:07:30,2024-07-28,3
C3,0,,23:07:30,2024-07-28,3
D3,0,,23:07:30,2024-07-28,3
C4,0,,23:07:35,2024-07-28,3
B2,0,,23:07:36,2024-07-28,3
D4,0,,23:07:36,2024-07-28,3
C1,19,,23:07:40,2024-07-28,10
B3,0,,23:07:41,2024-07-28,3
D1,1,,23:07:41,2024-07-28,3
B4,0,,23:07:46,2024-07-28,3
D2,0,,23:07:46,2024-07-28,3
A1,39,33.0,23:07:50,2024-07-28,20
B1,0,,23:07:51,2024-07-28,3
D3,0,,23:07:51,2024-07-28,3
C2,0,,23:07:52,2024-07-28,3
B2,0,,23:07:56,2024-07-28,3
D4,0,,23:07:56,2024-07-28,3
C3,0,,23:07:57,2024-07-28,3
B3,0,,23:08:01,2024-07-28,3
D1,0,,23:08:01,2024-07-28,3
C4,0,,23:08:03,2024-07-28,3
B4,0,,23:08:06,2024-07-28,3
D2,0,,23:08:06,2024-07-28,3
C1,0,,23:08:08,2024-07-28,3
B1,0,,23:08:11,2024-07-28,3
D3,0,,23:08:11,2024-07-28,3
A2,39,33.0,23:08:13,2024-07-28,25
C2,0,,23:08:13,2024-07-28,3
B2,0,,23:08:16,2024-07-28,3
D4,0,,23:08:16,2024-07-28,3
C3,0,,23:08:18,2024-07-28,3
B3,0,,23:08:21,2024-07-28,3
D1,0,,23:08:22,2024-07-28,3
C4,0,,23:08:23,2024-07-28,3
B4,0,,23:08:26,2024-07-28,3
D2,3,,23:08:27,2024-07-28,3
C1,31,,23:08:28,2024-07-28,16
B1,0,,23:08:31,2024-07-28,3
D3,0,,23:08:32,2024-07-28,3
B2,7,,23:08:37,2024-07-28,4
D4,0,,23:08:37,2024-07-28,3
A3,34,33.0,23:08:41,2024-07-28,20
D1,0,,23:08:42,2024-07-28,3
B3,0,,23:08:43,2024-07-28,3
C2,0,,23:08:46,2024-07-28,3
D2,0,,23:08:47,2024-07-28,3
B4,0,,23:08:48,2024-07-28,3
C3,0,,23:08:51,2024-07-28,3
D3,0,,23:08:52,2024-07-28,3
B1,0,,23:08:53,2024-07-28,3
C4,0,,23:08:56,2024-07-28,3
D4,0,,23:08:57,2024-07-28,3
B2,40,,23:08:58,2024-07-28,20
C1,0,,23:09:01,2024-07-28,3
D1,0,,23:09:02,2024-07-28,3
A4,28,33.0,23:09:05,2024-07-28,14
C2,0,,23:09:06,2024-07-28,3
D2,6,,23:09:07,2024-07-28,3
C3,0,,23:09:11,2024-07-28,3
D3,0,,23:09:12,2024-07-28,3
C4,0,,23:09:17,2024-07-28,3
D4,0,,23:09:18,2024-07-28,3
B3,0,,23:09:20,2024-07-28,3
C1,0,,23:09:22,2024-07-28,3
A1,24,33.0,23:09:23,2024-07-28,12
D1,1,,23:09:23,2024-07-28,3
B4,0,,23:09:25,2024-07-28,3
C2,0,,23:09:27,2024-07-28,3
D2,0,,23:09:28,2024-07-28,3
B1,0,,23:09:30,2024-07-28,3
C3,0,,23:09:32,2024-07-28,3
D3,0,,23:09:33,2024-07-28,3
B2,0,,23:09:35,2024-07-28,3
C4,0,,23:09:37,2024-07-28,3
D4,0,,23:09:38,2024-07-28,3
A2,23,33.0,23:09:39,2024-07-28,12
B3,1,,23:09:40,2024-07-28,3
C1,5,,23:09:42,2024-07-28,3
D1,8,,23:09:43,2024-07-28,4
B4,0,,23:09:45,2024-07-28,3
C2,0,,23:09:47,2024-07-28,3
D2,0,,23:09:49,2024-07-28,3
B1,0,,23:09:51,2024-07-28,3
C3,0,,23:09:52,2024-07-28,3
D3,0,,23:09:54,2024-07-28,3
A3,33,33.0,23:09:55,2024-07-28,17
B2,4,,23:09:56,2024-07-28,3
C4,0,,23:09:57,2024-07-28,3
D4,0,,23:10:00,2024-07-28,3
B3,0,,23:10:01,2024-07-28,3
C1,19,,23:10:02,2024-07-28,10
D1,0,,23:10:05,2024-07-28,3
B4,0,,23:10:06,2024-07-28,3
D2,0,,23:10:10,2024-07-28,3
B1,0,,23:10:11,2024-07-28,3
C2,0,,23:10:14,2024-07-28,3
D3,0,,23:10:15,2024-07-28,3
A4,65,33.0,23:10:16,2024-07-28,33
B2,18,,23:10:16,2024-07-28,9
C3,0,,23:10:20,2024-07-28,3
D4,0,,23:10:20,2024-07-28,3
C4,1,,23:10:25,2024-07-28,3
D1,0,,23:10:25,2024-07-28,3
B3,0,,23:10:27,2024-07-28,3
C1,0,,23:10:30,2024-07-28,3
D2,0,,23:10:30,2024-07-28,3
B4,0,,23:10:32,2024-07-28,3
C2,0,,23:10:35,2024-07-28,3
D3,0,,23:10:35,2024-07-28,3
B1,0,,23:10:37,2024-07-28,3
C3,0,,23:10:40,2024-07-28,3
D4,0,,23:10:40,2024-07-28,3
B2,0,,23:10:42,2024-07-28,3
C4,0,,23:10:45,2024-07-28,3
D1,0,,23:10:45,2024-07-28,3
B3,0,,23:10:47,2024-07-28,3
C1,13,,23:10:50,2024-07-28,7
D2,0,,23:10:51,2024-07-28,3
B4,0,,23:10:52,2024-07-28,3
A1,91,33.0,23:10:53,2024-07-28,46
D3,0,,23:10:56,2024-07-28,3
B1,0,,23:10:58,2024-07-28,3
C2,0,,23:10:59,2024-07-28,3
D4,0,,23:11:01,2024-07-28,3
B2,0,,23:11:03,2024-07-28,3
C3,0,,23:11:04,2024-07-28,3
D1,0,,23:11:06,2024-07-28,3
B3,0,,23:11:08,2024-07-28,3
C4,0,,23:11:09,2024-07-28,3
D2,0,,23:11:11,2024-07-28,3
B4,0,,23:11:13,2024-07-28,3
C1,0,,23:11:14,2024-07-28,3
D3,0,,23:11:16,2024-07-28,3
B1,0,,23:11:18,2024-07-28,3
C2,0,,23:11:19,2024-07-28,3
D4,0,,23:11:21,2024-07-28,3
B2,18,,23:11:23,2024-07-28,9
C3,0,,23:11:25,2024-07-28,3
D1,0,,23:11:26,2024-07-28,3
C4,0,,23:11:30,2024-07-28,3
D2,2,,23:11:31,2024-07-28,3
B3,0,,23:11:34,2024-07-28,3
C1,72,,23:11:35,2024-07-28,36
D3,0,,23:11:37,2024-07-28,3
B4,0,,23:11:39,2024-07-28,3
D4,0,,23:11:42,2024-07-28,3
A2,52,33.0,23:11:43,2024-07-28,26
B1,0,,23:11:44,2024-07-28,3
D1,0,,23:11:47,2024-07-28,3
B2,0,,23:11:49,2024-07-28,3
D2,0,,23:11:52,2024-07-28,3
B3,0,,23:11:55,2024-07-28,3
D3,0,,23:11:57,2024-07-28,3
B4,0,,23:12:00,2024-07-28,3
D4,0,,23:12:02,2024-07-28,3
B1,0,,23:12:05,2024-07-28,3
D1,3,,23:12:07,2024-07-28,3
B2,0,,23:12:10,2024-07-28,3
A3,79,33.0,23:12:12,2024-07-28,40
D2,14,,23:12:12,2024-07-28,7
C2,0,,23:12:13,2024-07-28,3
B3,0,,23:12:15,2024-07-28,3
C3,0,,23:12:18,2024-07-28,3
B4,0,,23:12:20,2024-07-28,3
D3,0,,23:12:21,2024-07-28,3
C4,0,,23:12:23,2024-07-28,3
B1,0,,23:12:25,2024-07-28,3
D4,0,,23:12:26,2024-07-28,3
C1,10,,23:12:28,2024-07-28,5
B2,0,,23:12:30,2024-07-28,3
D1,0,,23:12:32,2024-07-28,3
B3,0,,23:12:35,2024-07-28,3
C2,0,,23:12:35,2024-07-28,3
D2,0,,23:12:37,2024-07-28,3
B4,0,,23:12:40,2024-07-28,3
C3,0,,23:12:40,2024-07-28,3
D3,0,,23:12:42,2024-07-28,3
B1,0,,23:12:45,2024-07-28,3
C4,0,,23:12:45,2024-07-28,3
D4,0,,23:12:47,2024-07-28,3
C1,0,,23:12:50,2024-07-28,3
B2,15,,23:12:51,2024-07-28,8
D1,0,,23:12:52,2024-07-28,3
A4,80,33.0,23:12:55,2024-07-28,40
C2,0,,23:12:56,2024-07-28,3
D2,0,,23:12:57,2024-07-28,3
B3,2,,23:13:01,2024-07-28,3
C3,0,,23:13:01,2024-07-28,3
D3,0,,23:13:02,2024-07-28,3
B4,0,,23:13:06,2024-07-28,3
C4,0,,23:13:06,2024-07-28,3
D4,0,,23:13:07,2024-07-28,3
B1,0,,23:13:11,2024-07-28,3
C1,0,,23:13:11,2024-07-28,3
D1,0,,23:13:12,2024-07-28,3
B2,0,,23:13:16,2024-07-28,3
C2,0,,23:13:16,2024-07-28,3
D2,0,,23:13:18,2024-07-28,3
B3,0,,23:13:21,2024-07-28,3
C3,0,,23:13:21,2024-07-28,3
D3,0,,23:13:23,2024-07-28,3
B4,0,,23:13:26,2024-07-28,3
C4,0,,23:13:26,2024-07-28,3
D4,0,,23:13:28,2024-07-28,3
B1,0,,23:13:31,2024-07-28,3
C1,16,,23:13:31,2024-07-28,8
D1,3,,23:13:33,2024-07-28,3
B2,0,,23:13:36,2024-07-28,3
D2,0,,23:13:38,2024-07-28,3
A1,46,33.0,23:13:39,2024-07-28,23
B3,0,,23:13:41,2024-07-28,3
C2,0,,23:13:41,2024-07-28,3
D3,0,,23:13:43,2024-07-28,3
C3,0,,23:13:46,2024-07-28,3
B4,0,,23:13:47,2024-07-28,3
D4,0,,23:13:48,2024-07-28,3
B1,0,,23:13:52,2024-07-28,3
C4,0,,23:13:52,2024-07-28,3
D1,0,,23:13:53,2024-07-28,3
B2,0,,23:13:57,2024-07-28,3
C1,0,,23:13:57,2024-07-28,3
D2,0,,23:13:58,2024-07-28,3
B3,0,,23:14:02,2024-07-28,3
C2,0,,23:14:02,2024-07-28,3
D3,0,,23:14:04,2024-07-28,3
A2,73,33.0,23:14:06,2024-07-28,37
B4,0,,23:14:07,2024-07-28,3
C3,0,,23:14:07,2024-07-28,3
D4,0,,23:14:09,2024-07-28,3
B1,0,,23:14:12,2024-07-28,3
C4,0,,23:14:12,2024-07-28,3
D1,0,,23:14:14,2024-07-28,3
B2,9,,23:14:17,2024-07-28,5
C1,36,,23:14:17,2024-07-28,18
D2,0,,23:14:19,2024-07-28,3
B3,0,,23:14:24,2024-07-28,3
D3,0,,23:14:24,2024-07-28,3
B4,0,,23:14:29,2024-07-28,3
D4,0,,23:14:29,2024-07-28,3
B1,0,,23:14:34,2024-07-28,3
D1,0,,23:14:34,2024-07-28,3
C2,0,,23:14:37,2024-07-28,3
D2,0,,23:14:39,2024-07-28,3
B2,58,,23:14:40,2024-07-28,29
C3,0,,23:14:42,2024-07-28,3
D3,0,,23:14:44,2024-07-28,3
A3,114,33.0,23:14:46,2024-07-28,50
C4,0,,23:14:47,2024-07-28,3
D4,0,,23:14:50,2024-07-28,3
C1,14,,23:14:52,2024-07-28,7
D1,1,,23:14:55,2024-07-28,3
D2,7,,23:15:00,2024-07-28,4
C2,0,,23:15:01,2024-07-28,3
D3,0,,23:15:06,2024-07-28,3
C3,0,,23:15:07,2024-07-28,3
B3,0,,23:15:11,2024-07-28,3
D4,0,,23:15:11,2024-07-28,3
C4,0,,23:15:12,2024-07-28,3
B4,0,,23:15:16,2024-07-28,3
D1,11,,23:15:16,2024-07-28,6
C1,0,,23:15:17,2024-07-28,3
B1,0,,23:15:21,2024-07-28,3
C2,0,,23:15:22,2024-07-28,3
D2,2,,23:15:24,2024-07-28,3
B2,22,,23:15:26,2024-07-28,11
C3,0,,23:15:27,2024-07-28,3
D3,0,,23:15:29,2024-07-28,3
C4,0,,23:15:32,2024-07-28,3
D4,0,,23:15:34,2024-07-28,3
C1,0,,23:15:38,2024-07-28,3
A4,121,33.0,23:15:39,2024-07-28,50
B3,1,,23:15:39,2024-07-28,3
D1,0,,23:15:40,2024-07-28,3
C2,0,,23:15:43,2024-07-28,3
B4,0,,23:15:44,2024-07-28,3
D2,0,,23:15:45,2024-07-28,3
C3,0,,23:15:48,2024-07-28,3
B1,0,,23:15:49,2024-07-28,3
D3,0,,23:15:50,2024-07-28,3
C4,2,,23:15:53,2024-07-28,3
B2,0,,23:15:55,2024-07-28,3
D4,0,,23:15:55,2024-07-28,3
C1,0,,23:15:58,2024-07-28,3
B3,0,,23:16:00,2024-07-28,3
D1,4,,23:16:00,2024-07-28,3
C2,0,,23:16:03,2024-07-28,3
B4,0,,23:16:05,2024-07-28,3
D2,0,,23:16:05,2024-07-28,3
C3,0,,23:16:08,2024-07-28,3
B1,0,,23:16:10,2024-07-28,3
D3,0,,23:16:10,2024-07-28,3
C4,0,,23:16:13,2024-07-28,3
B2,0,,23:16:15,2024-07-28,3
D4,0,,23:16:15,2024-07-28,3
C1,24,,23:16:18,2024-07-28,12
B3,0,,23:16:20,2024-07-28,3
D1,0,,23:16:21,2024-07-28,3
B4,0,,23:16:25,2024-07-28,3
D2,0,,23:16:26,2024-07-28,3
B1,0,,23:16:30,2024-07-28,3
D3,0,,23:16:31,2024-07-28,3
C2,0,,23:16:32,2024-07-28,3
A1,47,33.0,23:16:33,2024-07-28,24
B2,0,,23:16:35,2024-07-28,3
D4,0,,23:16:36,2024-07-28,3
C3,0,,23:16:38,2024-07-28,3
B3,0,,23:16:40,2024-07-28,3
D1,0,,23:16:41,2024-07-28,3
C4,0,,23:16:43,2024-07-28,3
B4,0,,23:16:45,2024-07-28,3
D2,0,,23:16:46,2024-07-28,3
C1,0,,23:16:48,2024-07-28,3
B1,0,,23:16:51,2024-07-28,3
D3,0,,23:16:51,2024-07-28,3
C2,0,,23:16:53,2024-07-28,3
B2,0,,23:16:56,2024-07-28,3
D4,0,,23:16:56,2024-07-28,3
C3,0,,23:16:58,2024-07-28,3
B3,0,,23:17:01,2024-07-28,3
D1,0,,23:17:01,2024-07-28,3
A2,50,33.0,23:17:02,2024-07-28,25
C4,0,,23:17:03,2024-07-28,3
B4,0,,23:17:06,2024-07-28,3
D2,0,,23:17:07,2024-07-28,3
C1,37,,23:17:08,2024-07-28,19
B1,0,,23:17:11,2024-07-28,3
D3,0,,23:17:12,2024-07-28,3
B2,9,,23:17:16,2024-07-28,5
D4,0,,23:17:17,2024-07-28,3
D1,0,,23:17:22,2024-07-28,3
B3,0,,23:17:23,2024-07-28,3
D2,0,,23:17:27,2024-07-28,3
B4,0,,23:17:28,2024-07-28,3
C2,0,,23:17:29,2024-07-28,3
A3,86,33.0,23:17:31,2024-07-28,50
D3,0,,23:17:32,2024-07-28,3
B1,0,,23:17:34,2024-07-28,3
C3,0,,23:17:35,2024-07-28,3
D4,0,,23:17:37,2024-07-28,3
B2,40,,23:17:39,2024-07-28,20
C4,0,,23:17:40,2024-07-28,3
D1,0,,23:17:43,2024-07-28,3
C1,10,,23:17:45,2024-07-28,5
D2,7,,23:17:48,2024-07-28,4
C2,0,,23:17:52,2024-07-28,3
D3,0,,23:17:54,2024-07-28,3
C3,0,,23:17:57,2024-07-28,3
D4,0,,23:17:59,2024-07-28,3
B3,0,,23:18:01,2024-07-28,3
C4,0,,23:18:02,2024-07-28,3
D1,1,,23:18:04,2024-07-28,3
B4,0,,23:18:06,2024-07-28,3
C1,0,,23:18:07,2024-07-28,3
D2,0,,23:18:09,2024-07-28,3
B1,0,,23:18:11,2024-07-28,3
C2,0,,23:18:12,2024-07-28,3
D3,0,,23:18:14,2024-07-28,3
B2,20,,23:18:16,2024-07-28,10
C3,0,,23:18:17,2024-07-28,3
D4,0,,23:18:19,2024-07-28,3
C4,0,,23:18:23,2024-07-28,3
A4,37,33.0,23:18:25,2024-07-28,29
D1,8,,23:18:25,2024-07-28,4
B3,1,,23:18:28,2024-07-28,3
C1,0,,23:18:28,2024-07-28,3
D2,2,,23:18:31,2024-07-28,3
B4,0,,23:18:33,2024-07-28,3
C2,0,,23:18:33,2024-07-28,3
D3,0,,23:18:36,2024-07-28,3
B1,0,,23:18:38,2024-07-28,3
C3,0,,23:18:38,2024-07-28,3
D4,0,,23:18:41,2024-07-28,3
B2,0,,23:18:43,2024-07-28,3
C4,0,,23:18:43,2024-07-28,3
D1,0,,23:18:46,2024-07-28,3
C1,0,,23:18:48,2024-07-28,3
B3,0,,23:18:49,2024-07-28,3
D2,0,,23:18:51,2024-07-28,3
C2,0,,23:18:53,2024-07-28,3
B4,0,,23:18:54,2024-07-28,3
D3,0,,23:18:56,2024-07-28,3
A1,95,33.0,23:18:57,2024-07-28,48
C3,0,,23:18:58,2024-07-28,3
B1,0,,23:18:59,2024-07-28,3
D4,0,,23:19:01,2024-07-28,3
C4,1,,23:19:03,2024-07-28,3
B2,0,,23:19:04,2024-07-28,3
D1,0,,23:19:07,2024-07-28,3
C1,11,,23:19:08,2024-07-28,6
B3,0,,23:19:09,2024-07-28,3
D2,0,,23:19:12,2024-07-28,3
B4,0,,23:19:14,2024-07-28,3
C2,0,,23:19:17,2024-07-28,3
D3,0,,23:19:17,2024-07-28,3
B1,0,,23:19:19,2024-07-28,3
C3,0,,23:19:22,2024-07-28,3
D4,0,,23:19:22,2024-07-28,3
B2,0,,23:19:24,2024-07-28,3
C4,0,,23:19:27,2024-07-28,3
D1,0,,23:19:27,2024-07-28,3
B3,0,,23:19:29,2024-07-28,3
C1,76,,23:19:32,2024-07-28,38
D2,0,,23:19:32,2024-07-28,3
B4,0,,23:19:34,2024-07-28,3
D3,0,,23:19:37,2024-07-28,3
B1,0,,23:19:40,2024-07-28,3
D4,0,,23:19:42,2024-07-28,3
B2,19,,23:19:45,2024-07-28,10
A2,83,33.0,23:19:48,2024-07-28,42
D1,0,,23:19:48,2024-07-28,3
D2,2,,23:19:53,2024-07-28,3
B3,0,,23:19:57,2024-07-28,3
D3,0,,23:19:58,2024-07-28,3
B4,0,,23:20:02,2024-07-28,3
D4,0,,23:20:03,2024-07-28,3
B1,0,,23:20:07,2024-07-28,3
D1,0,,23:20:08,2024-07-28,3
B2,0,,23:20:12,2024-07-28,3
C2,0,,23:20:12,2024-07-28,3
D2,15,,23:20:13,2024-07-28,8
B3,0,,23:20:17,2024-07-28,3
C3,0,,23:20:17,2024-07-28,3
B4,0,,23:20:22,2024-07-28,3
C4,0,,23:20:22,2024-07-28,3
D3,0,,23:20:23,2024-07-28,3
B1,0,,23:20:27,2024-07-28,3
C1,16,,23:20:27,2024-07-28,8
D4,0,,23:20:28,2024-07-28,3
B2,66,,23:20:33,2024-07-28,33
A3,59,33.0,23:20:34,2024-07-28,30
D1,3,,23:20:34,2024-07-28,3
C2,0,,23:20:37,2024-07-28,3
D2,0,,23:20:39,2024-07-28,3
C3,0,,23:20:42,2024-07-28,3
D3,0,,23:20:44,2024-07-28,3
C4,0,,23:20:48,2024-07-28,3
D4,0,,23:20:49,2024-07-28,3
C1,0,,23:20:53,2024-07-28,3
D1,0,,23:20:54,2024-07-28,3
C2,0,,23:20:58,2024-07-28,3
D2,3,,23:20:59,2024-07-28,3
C3,0,,23:21:03,2024-07-28,3
D3,0,,23:21:04,2024-07-28,3
A4,74,33.0,23:21:08,2024-07-28,37
B3,3,,23:21:08,2024-07-28,3
C4,0,,23:21:08,2024-07-28,3
D4,0,,23:21:09,2024-07-28,3
B4,0,,23:21:13,2024-07-28,3
C1,0,,23:21:13,2024-07-28,3
D1,13,,23:21:15,2024-07-28,7
B1,0,,23:21:18,2024-07-28,3
C2,0,,23:21:18,2024-07-28,3
B2,0,,23:21:23,2024-07-28,3
C3,0,,23:21:23,2024-07-28,3
D2,0,,23:21:24,2024-07-28,3
B3,0,,23:21:28,2024-07-28,3
C4,0,,23:21:28,2024-07-28,3
D3,0,,23:21:29,2024-07-28,3
B4,0,,23:21:33,2024-07-28,3
C1,0,,23:21:34,2024-07-28,3
D4,0,,23:21:34,2024-07-28,3
B1,0,,23:21:38,2024-07-28,3
C2,0,,23:21:39,2024-07-28,3
D1,0,,23:21:39,2024-07-28,3
B2,0,,23:21:44,2024-07-28,3
C3,0,,23:21:44,2024-07-28,3
D2,0,,23:21:44,2024-07-28,3
A1,40,33.0,23:21:48,2024-07-28,20
B3,0,,23:21:49,2024-07-28,3
C4,2,,23:21:49,2024-07-28,3
D3,0,,23:21:49,2024-07-28,3
B4,0,,23:21:54,2024-07-28,3
C1,14,,23:21:54,2024-07-28,7
D4,0,,23:21:54,2024-07-28,3
B1,0,,23:21:59,2024-07-28,3
D1,0,,23:22:00,2024-07-28,3
C2,0,,23:22:03,2024-07-28,3
B2,0,,23:22:04,2024-07-28,3
D2,0,,23:22:05,2024-07-28,3
C3,0,,23:22:08,2024-07-28,3
B3,0,,23:22:09,2024-07-28,3
D3,0,,23:22:10,2024-07-28,3
A2,94,33.0,23:22:12,2024-07-28,47
C4,0,,23:22:13,2024-07-28,3
B4,0,,23:22:14,2024-07-28,3
D4,0,,23:22:15,2024-07-28,3
C1,32,,23:22:18,2024-07-28,16
B1,0,,23:22:19,2024-07-28,3
D1,0,,23:22:20,2024-07-28,3
B2,8,,23:22:24,2024-07-28,4
D2,2,,23:22:25,2024-07-28,3
D3,0,,23:22:30,2024-07-28,3
B3,0,,23:22:31,2024-07-28,3
D4,0,,23:22:35,2024-07-28,3
B4,0,,23:22:36,2024-07-28,3
C2,0,,23:22:37,2024-07-28,3
B1,0,,23:22:41,2024-07-28,3
D1,0,,23:22:41,2024-07-28,3
C3,0,,23:22:42,2024-07-28,3
B2,75,,23:22:46,2024-07-28,38
D2,0,,23:22:46,2024-07-28,3
C4,0,,23:22:47,2024-07-28,3
D3,0,,23:22:51,2024-07-28,3
C1,18,,23:22:52,2024-07-28,9
D4,0,,23:22:56,2024-07-28,3
D1,1,,23:23:01,2024-07-28,3
A3,84,33.0,23:23:03,2024-07-28,42
C2,0,,23:23:03,2024-07-28,3
D2,0,,23:23:06,2024-07-28,3
C3,0,,23:23:08,2024-07-28,3
D3,0,,23:23:12,2024-07-28,3
C4,0,,23:23:13,2024-07-28,3
D4,0,,23:23:17,2024-07-28,3
C1,0,,23:23:18,2024-07-28,3
D1,15,,23:23:22,2024-07-28,8
C2,0,,23:23:23,2024-07-28,3
B3,0,,23:23:26,2024-07-28,3
C3,0,,23:23:29,2024-07-28,3
B4,0,,23:23:31,2024-07-28,3
D2,3,,23:23:32,2024-07-28,3
C4,0,,23:23:34,2024-07-28,3
B1,0,,23:23:36,2024-07-28,3
D3,0,,23:23:37,2024-07-28,3
C1,0,,23:23:39,2024-07-28,3
B2,16,,23:23:41,2024-07-28,8
D4,0,,23:23:42,2024-07-28,3
C2,0,,23:23:44,2024-07-28,3
D1,0,,23:23:47,2024-07-28,3
A4,54,33.0,23:23:49,2024-07-28,27
C3,0,,23:23:49,2024-07-28,3
B3,0,,23:23:51,2024-07-28,3
D2,0,,23:23:52,2024-07-28,3
C4,3,,23:23:54,2024-07-28,3
B4,0,,23:23:57,2024-07-28,3
D3,0,,23:23:58,2024-07-28,3
C1,0,,23:23:59,2024-07-28,3
B1,0,,23:24:02,2024-07-28,3
D4,0,,23:24:03,2024-07-28,3
C2,0,,23:24:04,2024-07-28,3
B2,0,,23:24:07,2024-07-28,3
D1,0,,23:24:08,2024-07-28,3
C3,0,,23:24:09,2024-07-28,3
B3,0,,23:24:12,2024-07-28,3
D2,0,,23:24:13,2024-07-28,3
C4,0,,23:24:15,2024-07-28,3
B4,0,,23:24:17,2024-07-28,3
D3,0,,23:24:18,2024-07-28,3
A1,96,33.0,23:24:20,2024-07-28,48
C1,10,,23:24:20,2024-07-28,5
B1,0,,23:24:22,2024-07-28,3
D4,0,,23:24:23,2024-07-28,3
B2,0,,23:24:27,2024-07-28,3
C2,0,,23:24:27,2024-07-28,3
D1,3,,23:24:28,2024-07-28,3
B3,0,,23:24:32,2024-07-28,3
C3,0,,23:24:32,2024-07-28,3
D2,0,,23:24:34,2024-07-28,3
B4,0,,23:24:37,2024-07-28,3
C4,0,,23:24:37,2024-07-28,3
D3,0,,23:24:39,2024-07-28,3
C1,0,,23:24:42,2024-07-28,3
B1,0,,23:24:43,2024-07-28,3
D4,0,,23:24:44,2024-07-28,3
C2,0,,23:24:47,2024-07-28,3
B2,0,,23:24:48,2024-07-28,3
D1,0,,23:24:49,2024-07-28,3
C3,0,,23:24:52,2024-07-28,3
B3,0,,23:24:53,2024-07-28,3
D2,2,,23:24:54,2024-07-28,3
B4,0,,23:24:58,2024-07-28,3
C4,0,,23:24:58,2024-07-28,3
D3,0,,23:24:59,2024-07-28,3
B1,0,,23:25:03,2024-07-28,3
C1,76,,23:25:03,2024-07-28,38
D4,0,,23:25:04,2024-07-28,3
B2,0,,23:25:08,2024-07-28,3
D1,0,,23:25:10,2024-07-28,3
A2,37,33.0,23:25:13,2024-07-28,19
B3,0,,23:25:13,2024-07-28,3
D2,0,,23:25:15,2024-07-28,3
B4,0,,23:25:18,2024-07-28,3
D3,0,,23:25:20,2024-07-28,3
B1,0,,23:25:23,2024-07-28,3
D4,0,,23:25:25,2024-07-28,3
B2,0,,23:25:29,2024-07-28,3
D1,0,,23:25:30,2024-07-28,3
B3,0,,23:25:34,2024-07-28,3
D2,15,,23:25:35,2024-07-28,8
A3,8,33.0,23:25:36,2024-07-28,4
B4,0,,23:25:39,2024-07-28,3
A4,88,33.0,23:25:42,2024-07-28,44
C2,0,,23:25:43,2024-07-28,3
B1,0,,23:25:44,2024-07-28,3
D3,0,,23:25:45,2024-07-28,3
C3,0,,23:25:48,2024-07-28,3
B2,29,,23:25:49,2024-07-28,15
D4,0,,23:25:51,2024-07-28,3
C4,0,,23:25:53,2024-07-28,3
D1,0,,23:25:56,2024-07-28,3
C1,7,,23:25:58,2024-07-28,4
D2,0,,23:26:01,2024-07-28,3
C2,0,,23:26:04,2024-07-28,3
B3,3,,23:26:06,2024-07-28,3
D3,0,,23:26:06,2024-07-28,3
C3,0,,23:26:09,2024-07-28,3
B4,0,,23:26:11,2024-07-28,3
D4,0,,23:26:11,2024-07-28,3
C4,0,,23:26:14,2024-07-28,3
B1,0,,23:26:16,2024-07-28,3
D1,0,,23:26:16,2024-07-28,3
C1,17,,23:26:20,2024-07-28,9
D2,0,,23:26:21,2024-07-28,3
B2,1,,23:26:22,2024-07-28,3
B3,0,,23:26:27,2024-07-28,3
D3,0,,23:26:27,2024-07-28,3
A1,36,33.0,23:26:30,2024-07-28,18
C2,0,,23:26:31,2024-07-28,3
B4,0,,23:26:32,2024-07-28,3
D4,0,,23:26:32,2024-07-28,3
C3,0,,23:26:36,2024-07-28,3
B1,0,,23:26:37,2024-07-28,3
D1,0,,23:26:37,2024-07-28,3
C4,0,,23:26:41,2024-07-28,3
B2,0,,23:26:42,2024-07-28,3
D2,1,,23:26:42,2024-07-28,3
C1,0,,23:26:46,2024-07-28,3
B3,0,,23:26:47,2024-07-28,3
D3,0,,23:26:47,2024-07-28,3
C2,0,,23:26:51,2024-07-28,3
A2,82,33.0,23:26:52,2024-07-28,41
B4,0,,23:26:52,2024-07-28,3
D4,0,,23:26:52,2024-07-28,3
C3,0,,23:26:56,2024-07-28,3
B1,0,,23:26:57,2024-07-28,3
D1,0,,23:26:57,2024-07-28,3
C4,0,,23:27:01,2024-07-28,3
D2,3,,23:27:02,2024-07-28,3
B2,7,,23:27:03,2024-07-28,4
C1,28,,23:27:06,2024-07-28,14
D3,0,,23:27:08,2024-07-28,3
B3,0,,23:27:09,2024-07-28,3
D4,0,,23:27:13,2024-07-28,3
B4,0,,23:27:14,2024-07-28,3
D1,0,,23:27:18,2024-07-28,3
B1,0,,23:27:19,2024-07-28,3
C2,0,,23:27:23,2024-07-28,3
D2,0,,23:27:23,2024-07-28,3
B2,65,,23:27:24,2024-07-28,33
C3,0,,23:27:28,2024-07-28,3
D3,0,,23:27:28,2024-07-28,3
C4,0,,23:27:33,2024-07-28,3
D4,0,,23:27:33,2024-07-28,3
A3,44,33.0,23:27:36,2024-07-28,22
C1,16,,23:27:38,2024-07-28,8
D1,1,,23:27:38,2024-07-28,3
D2,5,,23:27:44,2024-07-28,3
C2,0,,23:27:48,2024-07-28,3
D3,0,,23:27:49,2024-07-28,3
C3,0,,23:27:53,2024-07-28,3
D4,0,,23:27:54,2024-07-28,3
C4,0,,23:27:58,2024-07-28,3
B3,0,,23:27:59,2024-07-28,3
D1,13,,23:27:59,2024-07-28,7
A4,45,33.0,23:28:02,2024-07-28,23
C1,0,,23:28:03,2024-07-28,3
B4,0,,23:28:04,2024-07-28,3
C2,0,,23:28:08,2024-07-28,3
D2,3,,23:28:08,2024-07-28,3
B1,0,,23:28:09,2024-07-28,3
D3,0,,23:28:13,2024-07-28,3
C3,0,,23:28:14,2024-07-28,3
B2,8,,23:28:15,2024-07-28,4
D4,0,,23:28:18,2024-07-28,3
C4,0,,23:28:19,2024-07-28,3
B3,1,,23:28:21,2024-07-28,3
C1,0,,23:28:24,2024-07-28,3
D1,0,,23:28:24,2024-07-28,3
B4,0,,23:28:26,2024-07-28,3
A1,45,33.0,23:28:28,2024-07-28,23
C2,0,,23:28:29,2024-07-28,3
D2,0,,23:28:29,2024-07-28,3
B1,0,,23:28:31,2024-07-28,3
C3,0,,23:28:34,2024-07-28,3
D3,0,,23:28:34,2024-07-28,3
B2,0,,23:28:36,2024-07-28,3
C4,2,,23:28:39,2024-07-28,3
D4,0,,23:28:39,2024-07-28,3
B3,0,,23:28:41,2024-07-28,3
C1,9,,23:28:44,2024-07-28,5
D1,0,,23:28:44,2024-07-28,3
B4,0,,23:28:46,2024-07-28,3
D2,0,,23:28:49,2024-07-28,3
B1,0,,23:28:51,2024-07-28,3
C2,0,,23:28:51,2024-07-28,3
D3,0,,23:28:54,2024-07-28,3
A2,101,33.0,23:28:55,2024-07-28,50
B2,0,,23:28:56,2024-07-28,3
C3,0,,23:28:57,2024-07-28,3
D4,0,,23:29:00,2024-07-28,3
B3,0,,23:29:02,2024-07-28,3
C4,0,,23:29:02,2024-07-28,3
D1,0,,23:29:05,2024-07-28,3
B4,0,,23:29:07,2024-07-28,3
C1,36,,23:29:07,2024-07-28,18
D2,0,,23:29:10,2024-07-28,3
B1,0,,23:29:12,2024-07-28,3
D3,0,,23:29:15,2024-07-28,3
B2,0,,23:29:17,2024-07-28,3
D4,0,,23:29:20,2024-07-28,3
B3,0,,23:29:22,2024-07-28,3
D1,0,,23:29:25,2024-07-28,3
B4,0,,23:29:27,2024-07-28,3
C2,0,,23:29:27,2024-07-28,3
D2,1,,23:29:31,2024-07-28,3
B1,0,,23:29:32,2024-07-28,3
C3,0,,23:29:32,2024-07-28,3
D3,0,,23:29:36,2024-07-28,3
B2,80,,23:29:37,2024-07-28,40
C4,0,,23:29:37,2024-07-28,3
D4,0,,23:29:41,2024-07-28,3
C1,0,,23:29:42,2024-07-28,3
D1,0,,23:29:46,2024-07-28,3
C2,0,,23:29:47,2024-07-28,3
A3,19,33.0,23:29:49,2024-07-28,10
D2,7,,23:29:51,2024-07-28,4
C3,0,,23:29:53,2024-07-28,3
D3,0,,23:29:57,2024-07-28,3
C4,0,,23:29:58,2024-07-28,3
D4,0,,23:30:02,2024-07-28,3
A4,75,33.0,23:30:03,2024-07-28,38
C1,0,,23:30:03,2024-07-28,3
C2,0,,23:30:08,2024-07-28,3
D1,16,,23:30:08,2024-07-28,8
C3,0,,23:30:13,2024-07-28,3
C4,0,,23:30:18,2024-07-28,3
D2,0,,23:30:18,2024-07-28,3
B3,0,,23:30:20,2024-07-28,3
C1,0,,23:30:23,2024-07-28,3
D3,0,,23:30:23,2024-07-28,3
B4,0,,23:30:25,2024-07-28,3
C2,0,,23:30:28,2024-07-28,3
D4,0,,23:30:28,2024-07-28,3
B1,0,,23:30:30,2024-07-28,3
C3,0,,23:30:33,2024-07-28,3
D1,0,,23:30:33,2024-07-28,3
B2,3,,23:30:35,2024-07-28,3
D2,0,,23:30:38,2024-07-28,3
C4,3,,23:30:39,2024-07-28,3
B3,0,,23:30:40,2024-07-28,3
D3,0,,23:30:43,2024-07-28,3
C1,15,,23:30:44,2024-07-28,8
A1,77,33.0,23:30:45,2024-07-28,39
B4,0,,23:30:45,2024-07-28,3
D4,0,,23:30:49,2024-07-28,3
B1,0,,23:30:50,2024-07-28,3
C2,0,,23:30:54,2024-07-28,3
D1,0,,23:30:54,2024-07-28,3
B2,0,,23:30:55,2024-07-28,3
C3,0,,23:30:59,2024-07-28,3
D2,0,,23:30:59,2024-07-28,3
B3,0,,23:31:01,2024-07-28,3
C4,0,,23:31:04,2024-07-28,3
D3,0,,23:31:04,2024-07-28,3
B4,0,,23:31:06,2024-07-28,3
C1,0,,23:31:09,2024-07-28,3
D4,0,,23:31:09,2024-07-28,3
B1,0,,23:31:11,2024-07-28,3
C2,0,,23:31:14,2024-07-28,3
D1,0,,23:31:14,2024-07-28,3
B2,15,,23:31:16,2024-07-28,8
C3,0,,23:31:20,2024-07-28,3
D2,3,,23:31:20,2024-07-28,3
C4,0,,23:31:25,2024-07-28,3
D3,0,,23:31:25,2024-07-28,3
B3,0,,23:31:26,2024-07-28,3
A2,119,33.0,23:31:27,2024-07-28,50
C1,61,,23:31:30,2024-07-28,31
D4,0,,23:31:30,2024-07-28,3
B4,0,,23:31:31,2024-07-28,3
D1,0,,23:31:35,2024-07-28,3
B1,0,,23:31:36,2024-07-28,3
D2,0,,23:31:40,2024-07-28,3
B2,0,,23:31:42,2024-07-28,3
D3,0,,23:31:45,2024-07-28,3
B3,0,,23:31:47,2024-07-28,3
D4,0,,23:31:50,2024-07-28,3
B4,0,,23:31:52,2024-07-28,3
D1,3,,23:31:56,2024-07-28,3
B1,0,,23:31:57,2024-07-28,3
D2,12,,23:32:01,2024-07-28,6
B2,96,,23:32:02,2024-07-28,48
C2,0,,23:32:03,2024-07-28,3
C3,0,,23:32:08,2024-07-28,3
D3,0,,23:32:09,2024-07-28,3
C4,0,,23:32:13,2024-07-28,3
D4,0,,23:32:14,2024-07-28,3
C1,0,,23:32:18,2024-07-28,3
D1,0,,23:32:19,2024-07-28,3
A3,71,33.0,23:32:22,2024-07-28,36
C2,0,,23:32:24,2024-07-28,3
D2,0,,23:32:25,2024-07-28,3
C3,0,,23:32:29,2024-07-28,3
D3,0,,23:32:30,2024-07-28,3
C4,0,,23:32:34,2024-07-28,3
D4,0,,23:32:35,2024-07-28,3
C1,0,,23:32:39,2024-07-28,3
D1,19,,23:32:40,2024-07-28,10
C2,0,,23:32:44,2024-07-28,3
C3,0,,23:32:49,2024-07-28,3
B3,2,,23:32:52,2024-07-28,3
D2,0,,23:32:52,2024-07-28,3
C4,0,,23:32:55,2024-07-28,3
B4,0,,23:32:57,2024-07-28,3
D3,0,,23:32:57,2024-07-28,3
C1,0,,23:33:00,2024-07-28,3
A4,81,33.0,23:33:01,2024-07-28,41
B1,0,,23:33:03,2024-07-28,3
D4,0,,23:33:03,2024-07-28,3
C2,0,,23:33:05,2024-07-28,3
B2,14,,23:33:08,2024-07-28,7
D1,0,,23:33:08,2024-07-28,3
C3,0,,23:33:10,2024-07-28,3
D2,0,,23:33:13,2024-07-28,3
C4,3,,23:33:15,2024-07-28,3
B3,0,,23:33:17,2024-07-28,3
D3,0,,23:33:18,2024-07-28,3
C1,0,,23:33:20,2024-07-28,3
B4,0,,23:33:22,2024-07-28,3
D4,0,,23:33:23,2024-07-28,3
C2,0,,23:33:25,2024-07-28,3
B1,0,,23:33:27,2024-07-28,3
D1,0,,23:33:28,2024-07-28,3
C3,0,,23:33:30,2024-07-28,3
B2,0,,23:33:32,2024-07-28,3
D2,0,,23:33:34,2024-07-28,3
C4,0,,23:33:36,2024-07-28,3
B3,0,,23:33:37,2024-07-28,3
D3,0,,23:33:39,2024-07-28,3
C1,16,,23:33:41,2024-07-28,8
B4,0,,23:33:43,2024-07-28,3
D4,0,,23:33:44,2024-07-28,3
A1,61,33.0,23:33:46,2024-07-28,31
B1,0,,23:33:48,2024-07-28,3
D1,2,,23:33:49,2024-07-28,3
C2,0,,23:33:51,2024-07-28,3
B2,0,,23:33:53,2024-07-28,3
D2,0,,23:33:54,2024-07-28,3
C3,0,,23:33:56,2024-07-28,3
B3,0,,23:33:58,2024-07-28,3
D3,0,,23:33:59,2024-07-28,3
C4,0,,23:34:01,2024-07-28,3
B4,0,,23:34:03,2024-07-28,3
D4,0,,23:34:04,2024-07-28,3
C1,0,,23:34:06,2024-07-28,3
B1,0,,23:34:08,2024-07-28,3
D1,0,,23:34:10,2024-07-28,3
C2,0,,23:34:11,2024-07-28,3
B2,0,,23:34:13,2024-07-28,3
D2,3,,23:34:15,2024-07-28,3
C3,0,,23:34:16,2024-07-28,3
B3,0,,23:34:18,2024-07-28,3
A2,49,33.0,23:34:20,2024-07-28,35
D3,0,,23:34:20,2024-07-28,3
C4,0,,23:34:22,2024-07-28,3
B4,0,,23:34:24,2024-07-28,3
D4,0,,23:34:25,2024-07-28,3
C1,48,,23:34:27,2024-07-28,24
B1,0,,23:34:29,2024-07-28,3
D1,0,,23:34:30,2024-07-28,3
B2,0,,23:34:34,2024-07-28,3
D2,0,,23:34:35,2024-07-28,3
B3,0,,23:34:39,2024-07-28,3
D3,0,,23:34:41,2024-07-28,3
B4,0,,23:34:44,2024-07-28,3
D4,0,,23:34:46,2024-07-28,3
B1,0,,23:34:49,2024-07-28,3
D1,0,,23:34:51,2024-07-28,3
C2,0,,23:34:53,2024-07-28,3
B2,55,,23:34:54,2024-07-28,28
D2,0,,23:34:56,2024-07-28,3
A3,86,33.0,23:34:57,2024-07-28,43
C3,0,,23:34:58,2024-07-28,3
D3,0,,23:35:01,2024-07-28,3
C4,0,,23:35:03,2024-07-28,3
D4,0,,23:35:06,2024-07-28,3
C1,0,,23:35:08,2024-07-28,3
D1,0,,23:35:11,2024-07-28,3
C2,0,,23:35:13,2024-07-28,3
D2,0,,23:35:17,2024-07-28,3
C3,0,,23:35:18,2024-07-28,3
D3,0,,23:35:22,2024-07-28,3
C4,0,,23:35:24,2024-07-28,3
B3,0,,23:35:25,2024-07-28,3
D4,0,,23:35:27,2024-07-28,3
C1,0,,23:35:29,2024-07-28,3
B4,0,,23:35:30,2024-07-28,3
D1,11,,23:35:32,2024-07-28,6
C2,0,,23:35:34,2024-07-28,3
B1,0,,23:35:35,2024-07-28,3
C3,0,,23:35:39,2024-07-28,3
B2,17,,23:35:40,2024-07-28,9
D2,0,,23:35:40,2024-07-28,3
A4,51,33.0,23:35:44,2024-07-28,26
C4,0,,23:35:44,2024-07-28,3
D3,0,,23:35:45,2024-07-28,3
C1,0,,23:35:49,2024-07-28,3
B3,0,,23:35:51,2024-07-28,3
D4,0,,23:35:51,2024-07-28,3
C2,0,,23:35:54,2024-07-28,3
B4,0,,23:35:56,2024-07-28,3
D1,0,,23:35:56,2024-07-28,3
C3,0,,23:36:00,2024-07-28,3
B1,0,,23:36:01,2024-07-28,3
D2,0,,23:36:01,2024-07-28,3
C4,2,,23:36:05,2024-07-28,3
B2,0,,23:36:06,2024-07-28,3
D3,0,,23:36:06,2024-07-28,3
C1,0,,23:36:10,2024-07-28,3
D4,0,,23:36:11,2024-07-28,3
B3,0,,23:36:12,2024-07-28,3
A1,38,33.0,23:36:13,2024-07-28,19
C2,0,,23:36:15,2024-07-28,3
D1,3,,23:36:16,2024-07-28,3
B4,0,,23:36:17,2024-07-28,3
C3,0,,23:36:20,2024-07-28,3
B1,0,,23:36:22,2024-07-28,3
D2,0,,23:36:22,2024-07-28,3
C4,0,,23:36:25,2024-07-28,3
B2,0,,23:36:27,2024-07-28,3
D3,0,,23:36:27,2024-07-28,3
C1,10,,23:36:30,2024-07-28,5
B3,0,,23:36:32,2024-07-28,3
D4,0,,23:36:32,2024-07-28,3
A2,47,33.0,23:36:36,2024-07-28,24
B4,0,,23:36:37,2024-07-28,3
D1,0,,23:36:37,2024-07-28,3
C2,0,,23:36:38,2024-07-28,3
B1,0,,23:36:42,2024-07-28,3
D2,0,,23:36:42,2024-07-28,3
C3,0,,23:36:43,2024-07-28,3
B2,7,,23:36:47,2024-07-28,4
D3,0,,23:36:47,2024-07-28,3
C4,0,,23:36:48,2024-07-28,3
D4,0,,23:36:52,2024-07-28,3
C1,30,,23:36:53,2024-07-28,15
B3,0,,23:36:54,2024-07-28,3
D1,0,,23:36:58,2024-07-28,3
B4,0,,23:36:59,2024-07-28,3
D2,2,,23:37:03,2024-07-28,3
B1,0,,23:37:04,2024-07-28,3
A3,94,33.0,23:37:05,2024-07-28,47
D3,0,,23:37:08,2024-07-28,3
B2,37,,23:37:09,2024-07-28,19
C2,0,,23:37:10,2024-07-28,3
D4,0,,23:37:13,2024-07-28,3
C3,0,,23:37:15,2024-07-28,3
D1,1,,23:37:18,2024-07-28,3
C4,0,,23:37:20,2024-07-28,3
D2,6,,23:37:24,2024-07-28,3
C1,0,,23:37:26,2024-07-28,3
D3,0,,23:37:29,2024-07-28,3
B3,0,,23:37:30,2024-07-28,3
C2,0,,23:37:31,2024-07-28,3
D4,0,,23:37:34,2024-07-28,3
B4,0,,23:37:35,2024-07-28,3
C3,0,,23:37:36,2024-07-28,3
D1,0,,23:37:39,2024-07-28,3
B1,0,,23:37:41,2024-07-28,3
C4,0,,23:37:41,2024-07-28,3
D2,0,,23:37:45,2024-07-28,3
B2,18,,23:37:46,2024-07-28,9
C1,0,,23:37:46,2024-07-28,3
D3,0,,23:37:50,2024-07-28,3
C2,0,,23:37:51,2024-07-28,3
C3,0,,23:37:56,2024-07-28,3
D4,0,,23:37:56,2024-07-28,3
A4,61,33.0,23:37:57,2024-07-28,31
B3,1,,23:37:57,2024-07-28,3
D1,0,,23:38:01,2024-07-28,3
B4,0,,23:38:02,2024-07-28,3
C4,0,,23:38:02,2024-07-28,3
D2,0,,23:38:06,2024-07-28,3
B1,0,,23:38:07,2024-07-28,3
C1,0,,23:38:07,2024-07-28,3
D3,0,,23:38:11,2024-07-28,3
C2,0,,23:38:12,2024-07-28,3
B2,0,,23:38:13,2024-07-28,3
C3,0,,23:38:17,2024-07-28,3
D4,0,,23:38:17,2024-07-28,3
B3,0,,23:38:18,2024-07-28,3
C4,1,,23:38:22,2024-07-28,3
D1,3,,23:38:22,2024-07-28,3
B4,0,,23:38:23,2024-07-28,3
C1,12,,23:38:27,2024-07-28,6
D2,0,,23:38:27,2024-07-28,3
B1,0,,23:38:28,2024-07-28,3
A1,30,33.0,23:38:32,2024-07-28,15
D3,0,,23:38:32,2024-07-28,3
B2,0,,23:38:33,2024-07-28,3
C2,0,,23:38:36,2024-07-28,3
D4,0,,23:38:37,2024-07-28,3
B3,0,,23:38:38,2024-07-28,3
C3,0,,23:38:41,2024-07-28,3
D1,0,,23:38:42,2024-07-28,3
B4,0,,23:38:44,2024-07-28,3
C4,0,,23:38:46,2024-07-28,3
D2,0,,23:38:48,2024-07-28,3
B1,0,,23:38:49,2024-07-28,3
A2,80,33.0,23:38:50,2024-07-28,40
C1,0,,23:38:51,2024-07-28,3
D3,0,,23:38:53,2024-07-28,3
B2,0,,23:38:54,2024-07-28,3
C2,0,,23:38:56,2024-07-28,3
D4,0,,23:38:58,2024-07-28,3
B3,0,,23:38:59,2024-07-28,3
C3,0,,23:39:01,2024-07-28,3
D1,0,,23:39:03,2024-07-28,3
B4,0,,23:39:04,2024-07-28,3
C4,0,,23:39:07,2024-07-28,3
D2,2,,23:39:08,2024-07-28,3
B1,0,,23:39:09,2024-07-28,3
C1,24,,23:39:12,2024-07-28,12
D3,0,,23:39:14,2024-07-28,3
B2,6,,23:39:15,2024-07-28,3
D4,0,,23:39:19,2024-07-28,3
B3,0,,23:39:20,2024-07-28,3
D1,0,,23:39:24,2024-07-28,3
B4,0,,23:39:25,2024-07-28,3
C2,0,,23:39:26,2024-07-28,3
D2,0,,23:39:29,2024-07-28,3
B1,0,,23:39:30,2024-07-28,3
C3,0,,23:39:31,2024-07-28,3
A3,19,33.0,23:39:34,2024-07-28,10
D3,0,,23:39:34,2024-07-28,3
B2,64,,23:39:35,2024-07-28,32
C4,0,,23:39:36,2024-07-28,3
D4,0,,23:39:39,2024-07-28,3
C1,0,,23:39:41,2024-07-28,3
D1,0,,23:39:45,2024-07-28,3
C2,0,,23:39:47,2024-07-28,3
A4,91,33.0,23:39:48,2024-07-28,46
D2,4,,23:39:50,2024-07-28,3
C3,0,,23:39:52,2024-07-28,3
D3,0,,23:39:55,2024-07-28,3
C4,0,,23:39:57,2024-07-28,3
D4,0,,23:40:00,2024-07-28,3
C1,0,,23:40:02,2024-07-28,3
D1,12,,23:40:05,2024-07-28,6
C2,0,,23:40:07,2024-07-28,3
B3,0,,23:40:09,2024-07-28,3
C3,0,,23:40:12,2024-07-28,3
D2,0,,23:40:14,2024-07-28,3
B4,0,,23:40:15,2024-07-28,3
C4,0,,23:40:18,2024-07-28,3
D3,0,,23:40:19,2024-07-28,3
B1,0,,23:40:20,2024-07-28,3
C1,18,,23:40:23,2024-07-28,9
D4,0,,23:40:24,2024-07-28,3
B2,0,,23:40:25,2024-07-28,3
D1,0,,23:40:29,2024-07-28,3
B3,0,,23:40:30,2024-07-28,3
C2,0,,23:40:34,2024-07-28,3
D2,0,,23:40:34,2024-07-28,3
B4,0,,23:40:35,2024-07-28,3
C3,0,,23:40:39,2024-07-28,3
B1,0,,23:40:40,2024-07-28,3
D3,0,,23:40:40,2024-07-28,3
C4,2,,23:40:44,2024-07-28,3
D4,0,,23:40:45,2024-07-28,3
A1,45,33.0,23:40:46,2024-07-28,23
B2,0,,23:40:46,2024-07-28,3
C1,0,,23:40:49,2024-07-28,3
D1,0,,23:40:50,2024-07-28,3
B3,0,,23:40:51,2024-07-28,3
C2,0,,23:40:55,2024-07-28,3
D2,3,,23:40:55,2024-07-28,3
B4,0,,23:40:56,2024-07-28,3
C3,0,,23:41:00,2024-07-28,3
D3,0,,23:41:00,2024-07-28,3
B1,0,,23:41:01,2024-07-28,3
C4,0,,23:41:05,2024-07-28,3
B2,0,,23:41:06,2024-07-28,3
D4,0,,23:41:06,2024-07-28,3
C1,0,,23:41:10,2024-07-28,3
B3,0,,23:41:11,2024-07-28,3
D1,0,,23:41:11,2024-07-28,3
A2,14,33.0,23:41:15,2024-07-28,7
C2,0,,23:41:17,2024-07-28,3
D2,0,,23:41:17,2024-07-28,3
B4,0,,23:41:18,2024-07-28,3
C3,0,,23:41:22,2024-07-28,3
B1,0,,23:41:23,2024-07-28,3
D3,0,,23:41:23,2024-07-28,3
A3,39,33.0,23:41:26,2024-07-28,20
C4,0,,23:41:27,2024-07-28,3
B2,9,,23:41:28,2024-07-28,5
D4,0,,23:41:28,2024-07-28,3
C1,36,,23:41:32,2024-07-28,18
D1,0,,23:41:33,2024-07-28,3
B3,0,,23:41:36,2024-07-28,3
D2,0,,23:41:38,2024-07-28,3
B4,0,,23:41:41,2024-07-28,3
D3,0,,23:41:43,2024-07-28,3
B1,0,,23:41:46,2024-07-28,3
A4,86,33.0,23:41:49,2024-07-28,43
D4,0,,23:41:49,2024-07-28,3
B2,11,,23:41:51,2024-07-28,6
C2,0,,23:41:52,2024-07-28,3
D1,0,,23:41:54,2024-07-28,3
C3,0,,23:41:58,2024-07-28,3
B3,0,,23:41:59,2024-07-28,3
D2,0,,23:41:59,2024-07-28,3
C4,0,,23:42:03,2024-07-28,3
B4,0,,23:42:04,2024-07-28,3
D3,0,,23:42:04,2024-07-28,3
C1,0,,23:42:08,2024-07-28,3
B1,0,,23:42:10,2024-07-28,3
D4,0,,23:42:10,2024-07-28,3
C2,0,,23:42:13,2024-07-28,3
B2,0,,23:42:15,2024-07-28,3
D1,1,,23:42:15,2024-07-28,3
C3,0,,23:42:18,2024-07-28,3
B3,0,,23:42:20,2024-07-28,3
D2,7,,23:42:21,2024-07-28,4
C4,0,,23:42:24,2024-07-28,3
B4,0,,23:42:26,2024-07-28,3
D3,0,,23:42:27,2024-07-28,3
C1,17,,23:42:29,2024-07-28,9
B1,0,,23:42:31,2024-07-28,3
D4,0,,23:42:32,2024-07-28,3
A1,101,33.0,23:42:35,2024-07-28,50
B2,0,,23:42:36,2024-07-28,3
D1,2,,23:42:37,2024-07-28,3
C2,0,,23:42:40,2024-07-28,3
B3,0,,23:42:41,2024-07-28,3
D2,0,,23:42:42,2024-07-28,3
C3,0,,23:42:45,2024-07-28,3
B4,0,,23:42:46,2024-07-28,3
D3,0,,23:42:48,2024-07-28,3
C4,0,,23:42:50,2024-07-28,3
B1,0,,23:42:52,2024-07-28,3
D4,0,,23:42:53,2024-07-28,3
C1,0,,23:42:56,2024-07-28,3
B2,0,,23:42:57,2024-07-28,3
D1,0,,23:42:58,2024-07-28,3
C2,0,,23:43:01,2024-07-28,3
B3,1,,23:43:02,2024-07-28,3
D2,3,,23:43:04,2024-07-28,3
C3,0,,23:43:07,2024-07-28,3
B4,0,,23:43:08,2024-07-28,3
D3,0,,23:43:09,2024-07-28,3
C4,0,,23:43:12,2024-07-28,3
B1,0,,23:43:13,2024-07-28,3
D4,0,,23:43:14,2024-07-28,3
C1,80,,23:43:17,2024-07-28,40
B2,20,,23:43:18,2024-07-28,10
D1,0,,23:43:19,2024-07-28,3
D2,0,,23:43:25,2024-07-28,3
A2,36,33.0,23:43:29,2024-07-28,18
B3,0,,23:43:30,2024-07-28,3
D3,0,,23:43:30,2024-07-28,3
B4,0,,23:43:35,2024-07-28,3
D4,0,,23:43:35,2024-07-28,3
D1,0,,23:43:40,2024-07-28,3
B1,0,,23:43:41,2024-07-28,3
D2,0,,23:43:45,2024-07-28,3
B2,0,,23:43:46,2024-07-28,3
A3,34,33.0,23:43:50,2024-07-28,17
B3,0,,23:43:51,2024-07-28,3
D3,0,,23:43:51,2024-07-28,3
B4,0,,23:43:56,2024-07-28,3
D4,0,,23:43:56,2024-07-28,3
C2,0,,23:43:59,2024-07-28,3
B1,0,,23:44:01,2024-07-28,3
D1,4,,23:44:01,2024-07-28,3
C3,0,,23:44:04,2024-07-28,3
D2,0,,23:44:06,2024-07-28,3
B2,28,,23:44:07,2024-07-28,14
C4,0,,23:44:09,2024-07-28,3
A4,88,33.0,23:44:10,2024-07-28,44
D3,0,,23:44:12,2024-07-28,3
C1,7,,23:44:15,2024-07-28,4
D4,0,,23:44:17,2024-07-28,3
C2,0,,23:44:21,2024-07-28,3
D1,0,,23:44:22,2024-07-28,3
B3,0,,23:44:23,2024-07-28,3
C3,0,,23:44:26,2024-07-28,3
D2,0,,23:44:27,2024-07-28,3
B4,0,,23:44:28,2024-07-28,3
C4,0,,23:44:31,2024-07-28,3
D3,0,,23:44:32,2024-07-28,3
B1,0,,23:44:33,2024-07-28,3
C1,0,,23:44:36,2024-07-28,3
B2,0,,23:44:38,2024-07-28,3
D4,0,,23:44:38,2024-07-28,3
C2,0,,23:44:42,2024-07-28,3
B3,0,,23:44:43,2024-07-28,3
D1,5,,23:44:43,2024-07-28,3
C3,0,,23:44:47,2024-07-28,3
D2,1,,23:44:48,2024-07-28,3
B4,0,,23:44:49,2024-07-28,3
C4,0,,23:44:52,2024-07-28,3
D3,0,,23:44:53,2024-07-28,3
B1,0,,23:44:54,2024-07-28,3
C1,17,,23:44:57,2024-07-28,9
A1,63,33.0,23:44:59,2024-07-28,32
B2,0,,23:44:59,2024-07-28,3
D4,0,,23:44:59,2024-07-28,3
B3,0,,23:45:04,2024-07-28,3
D1,0,,23:45:04,2024-07-28,3
C2,0,,23:45:08,2024-07-28,3
B4,0,,23:45:09,2024-07-28,3
D2,0,,23:45:09,2024-07-28,3
C3,0,,23:45:14,2024-07-28,3
D3,0,,23:45:14,2024-07-28,3
B1,0,,23:45:15,2024-07-28,3
C4,1,,23:45:19,2024-07-28,3
B2,0,,23:45:20,2024-07-28,3
D4,0,,23:45:20,2024-07-28,3
C1,0,,23:45:24,2024-07-28,3
B3,0,,23:45:25,2024-07-28,3
D1,0,,23:45:25,2024-07-28,3
C2,0,,23:45:29,2024-07-28,3
B4,0,,23:45:30,2024-07-28,3
D2,3,,23:45:30,2024-07-28,3
A2,51,33.0,23:45:34,2024-07-28,26
C3,0,,23:45:34,2024-07-28,3
B1,0,,23:45:35,2024-07-28,3
D3,0,,23:45:35,2024-07-28,3
C4,0,,23:45:40,2024-07-28,3
B2,12,,23:45:41,2024-07-28,6
D4,0,,23:45:41,2024-07-28,3
C1,51,,23:45:45,2024-07-28,26
D1,0,,23:45:46,2024-07-28,3
B3,0,,23:45:49,2024-07-28,3
D2,0,,23:45:51,2024-07-28,3
B4,0,,23:45:54,2024-07-28,3
D3,0,,23:45:56,2024-07-28,3
B1,0,,23:45:59,2024-07-28,3
D4,0,,23:46:01,2024-07-28,3
A3,102,33.0,23:46:03,2024-07-28,50
B2,40,,23:46:04,2024-07-28,20
D1,0,,23:46:07,2024-07-28,3
D2,0,,23:46:12,2024-07-28,3
C2,0,,23:46:13,2024-07-28,3
D3,0,,23:46:17,2024-07-28,3
C3,0,,23:46:18,2024-07-28,3
D4,0,,23:46:22,2024-07-28,3
C4,0,,23:46:23,2024-07-28,3
B3,0,,23:46:27,2024-07-28,3
D1,2,,23:46:27,2024-07-28,3
C1,0,,23:46:28,2024-07-28,3
B4,0,,23:46:32,2024-07-28,3
D2,0,,23:46:33,2024-07-28,3
C2,0,,23:46:34,2024-07-28,3
B1,0,,23:46:37,2024-07-28,3
D3,0,,23:46:38,2024-07-28,3
C3,0,,23:46:39,2024-07-28,3
B2,20,,23:46:42,2024-07-28,10
D4,0,,23:46:43,2024-07-28,3
C4,0,,23:46:44,2024-07-28,3
C1,0,,23:46:49,2024-07-28,3
D1,8,,23:46:49,2024-07-28,4
B3,0,,23:46:54,2024-07-28,3
C2,0,,23:46:54,2024-07-28,3
D2,0,,23:46:55,2024-07-28,3
A4,80,33.0,23:46:56,2024-07-28,40
B4,0,,23:47:00,2024-07-28,3
C3,0,,23:47:00,2024-07-28,3
D3,0,,23:47:00,2024-07-28,3
B1,0,,23:47:05,2024-07-28,3
C4,0,,23:47:05,2024-07-28,3
D4,0,,23:47:05,2024-07-28,3
B2,0,,23:47:10,2024-07-28,3
C1,0,,23:47:10,2024-07-28,3
D1,0,,23:47:11,2024-07-28,3
B3,0,,23:47:15,2024-07-28,3
C2,0,,23:47:15,2024-07-28,3
D2,0,,23:47:16,2024-07-28,3
B4,0,,23:47:20,2024-07-28,3
C3,0,,23:47:21,2024-07-28,3
D3,0,,23:47:21,2024-07-28,3
B1,0,,23:47:26,2024-07-28,3
C4,1,,23:47:26,2024-07-28,3
D4,0,,23:47:26,2024-07-28,3
B2,0,,23:47:31,2024-07-28,3
C1,16,,23:47:31,2024-07-28,8
D1,0,,23:47:31,2024-07-28,3
B3,0,,23:47:36,2024-07-28,3
D2,0,,23:47:37,2024-07-28,3
A1,48,33.0,23:47:41,2024-07-28,24
B4,0,,23:47:41,2024-07-28,3
C2,0,,23:47:41,2024-07-28,3
D3,0,,23:47:42,2024-07-28,3
B1,0,,23:47:46,2024-07-28,3
C3,0,,23:47:46,2024-07-28,3
D4,0,,23:47:47,2024-07-28,3
B2,0,,23:47:52,2024-07-28,3
C4,0,,23:47:52,2024-07-28,3
D1,0,,23:47:52,2024-07-28,3
B3,0,,23:47:57,2024-07-28,3
C1,0,,23:47:57,2024-07-28,3
D2,0,,23:47:58,2024-07-28,3
B4,0,,23:48:02,2024-07-28,3
C2,0,,23:48:02,2024-07-28,3
D3,0,,23:48:03,2024-07-28,3
B1,0,,23:48:07,2024-07-28,3
C3,0,,23:48:07,2024-07-28,3
D4,0,,23:48:08,2024-07-28,3
A2,68,33.0,23:48:09,2024-07-28,34
B2,9,,23:48:13,2024-07-28,5
C4,0,,23:48:13,2024-07-28,3
D1,0,,23:48:13,2024-07-28,3
C1,38,,23:48:18,2024-07-28,19
D2,3,,23:48:19,2024-07-28,3
B3,0,,23:48:20,2024-07-28,3
D3,0,,23:48:24,2024-07-28,3
B4,0,,23:48:25,2024-07-28,3
D4,0,,23:48:29,2024-07-28,3
B1,0,,23:48:30,2024-07-28,3
D1,0,,23:48:34,2024-07-28,3
B2,0,,23:48:36,2024-07-28,3
C2,0,,23:48:39,2024-07-28,3
D2,0,,23:48:40,2024-07-28,3
B3,0,,23:48:41,2024-07-28,3
C3,0,,23:48:44,2024-07-28,3
D3,0,,23:48:45,2024-07-28,3
B4,0,,23:48:46,2024-07-28,3
A3,63,33.0,23:48:47,2024-07-28,33
C4,0,,23:48:49,2024-07-28,3
D4,0,,23:48:50,2024-07-28,3
B1,0,,23:48:51,2024-07-28,3
C1,13,,23:48:55,2024-07-28,7
D1,1,,23:48:55,2024-07-28,3
B2,54,,23:48:56,2024-07-28,27
D2,7,,23:49:00,2024-07-28,4
C2,0,,23:49:04,2024-07-28,3
D3,0,,23:49:07,2024-07-28,3
C3,0,,23:49:09,2024-07-28,3
D4,0,,23:49:12,2024-07-28,3
C4,0,,23:49:14,2024-07-28,3
D1,0,,23:49:17,2024-07-28,3
C1,0,,23:49:19,2024-07-28,3
D2,0,,23:49:22,2024-07-28,3
A4,79,33.0,23:49:24,2024-07-28,40
B3,0,,23:49:25,2024-07-28,3
C2,0,,23:49:25,2024-07-28,3
D3,0,,23:49:27,2024-07-28,3
C3,0,,23:49:30,2024-07-28,3
B4,0,,23:49:31,2024-07-28,3
D4,0,,23:49:33,2024-07-28,3
C4,0,,23:49:35,2024-07-28,3
B1,0,,23:49:36,2024-07-28,3
D1,10,,23:49:38,2024-07-28,5
C1,0,,23:49:40,2024-07-28,3
B2,0,,23:49:41,2024-07-28,3
C2,0,,23:49:45,2024-07-28,3
D2,0,,23:49:45,2024-07-28,3
B3,1,,23:49:46,2024-07-28,3
D3,0,,23:49:50,2024-07-28,3
B4,0,,23:49:51,2024-07-28,3
C3,0,,23:49:51,2024-07-28,3
C4,0,,23:49:56,2024-07-28,3
D4,0,,23:49:56,2024-07-28,3
B1,0,,23:49:57,2024-07-28,3
C1,15,,23:50:01,2024-07-28,8
D1,0,,23:50:01,2024-07-28,3
B2,0,,23:50:02,2024-07-28,3
D2,0,,23:50:06,2024-07-28,3
B3,0,,23:50:07,2024-07-28,3
A1,82,33.0,23:50:08,2024-07-28,41
C2,0,,23:50:11,2024-07-28,3
B4,0,,23:50:12,2024-07-28,3
D3,0,,23:50:12,2024-07-28,3
C3,0,,23:50:17,2024-07-28,3
D4,0,,23:50:17,2024-07-28,3
B1,0,,23:50:18,2024-07-28,3
C4,2,,23:50:22,2024-07-28,3
D1,0,,23:50:22,2024-07-28,3
B2,0,,23:50:23,2024-07-28,3
C1,0,,23:50:27,2024-07-28,3
D2,0,,23:50:27,2024-07-28,3
B3,0,,23:50:28,2024-07-28,3
C2,0,,23:50:32,2024-07-28,3
B4,0,,23:50:33,2024-07-28,3
D3,0,,23:50:33,2024-07-28,3
C3,0,,23:50:37,2024-07-28,3
D4,0,,23:50:38,2024-07-28,3
B1,0,,23:50:39,2024-07-28,3
C4,0,,23:50:43,2024-07-28,3
D1,0,,23:50:43,2024-07-28,3
B2,16,,23:50:44,2024-07-28,8
C1,65,,23:50:48,2024-07-28,33
D2,3,,23:50:49,2024-07-28,3
A2,0,33.0,23:50:52,2024-07-28,3
B3,0,,23:50:54,2024-07-28,3
D3,0,,23:50:54,2024-07-28,3
B4,0,,23:50:59,2024-07-28,3
D4,0,,23:50:59,2024-07-28,3
A3,92,33.0,23:51:00,2024-07-28,46
B1,0,,23:51:04,2024-07-28,3
D1,0,,23:51:04,2024-07-28,3
B2,0,,23:51:10,2024-07-28,3
D2,0,,23:51:10,2024-07-28,3
B3,0,,23:51:15,2024-07-28,3
D3,0,,23:51:15,2024-07-28,3
B4,0,,23:51:20,2024-07-28,3
D4,0,,23:51:20,2024-07-28,3
C2,0,,23:51:23,2024-07-28,3
B1,0,,23:51:25,2024-07-28,3
D1,3,,23:51:25,2024-07-28,3
C3,0,,23:51:28,2024-07-28,3
B2,18,,23:51:31,2024-07-28,9
D2,13,,23:51:31,2024-07-28,7
C4,0,,23:51:34,2024-07-28,3
C1,0,,23:51:39,2024-07-28,3
D3,0,,23:51:40,2024-07-28,3
B3,0,,23:51:42,2024-07-28,3
C2,0,,23:51:44,2024-07-28,3
D4,0,,23:51:45,2024-07-28,3
B4,0,,23:51:47,2024-07-28,3
C3,0,,23:51:49,2024-07-28,3
A4,88,33.0,23:51:50,2024-07-28,44
D1,0,,23:51:51,2024-07-28,3
B1,0,,23:51:52,2024-07-28,3
C4,0,,23:51:55,2024-07-28,3
D2,0,,23:51:56,2024-07-28,3
B2,0,,23:51:57,2024-07-28,3
C1,0,,23:52:00,2024-07-28,3
D3,0,,23:52:01,2024-07-28,3
B3,2,,23:52:03,2024-07-28,3
C2,0,,23:52:05,2024-07-28,3
D4,0,,23:52:06,2024-07-28,3
B4,0,,23:52:08,2024-07-28,3
C3,0,,23:52:10,2024-07-28,3
D1,3,,23:52:12,2024-07-28,3
B1,0,,23:52:13,2024-07-28,3
C4,0,,23:52:15,2024-07-28,3
D2,0,,23:52:17,2024-07-28,3
B2,0,,23:52:18,2024-07-28,3
C1,17,,23:52:21,2024-07-28,9
D3,0,,23:52:22,2024-07-28,3
B3,0,,23:52:23,2024-07-28,3
D4,0,,23:52:27,2024-07-28,3
B4,0,,23:52:29,2024-07-28,3
C2,0,,23:52:32,2024-07-28,3
D1,0,,23:52:33,2024-07-28,3
B1,0,,23:52:34,2024-07-28,3
C3,0,,23:52:37,2024-07-28,3
D2,0,,23:52:38,2024-07-28,3
A1,93,33.0,23:52:39,2024-07-28,47
B2,0,,23:52:39,2024-07-28,3
C4,0,,23:52:42,2024-07-28,3
D3,0,,23:52:43,2024-07-28,3
B3,0,,23:52:44,2024-07-28,3
C1,0,,23:52:48,2024-07-28,3
D4,0,,23:52:49,2024-07-28,3
B4,0,,23:52:50,2024-07-28,3
C2,0,,23:52:53,2024-07-28,3
D1,0,,23:52:54,2024-07-28,3
B1,0,,23:52:55,2024-07-28,3
C3,0,,23:52:58,2024-07-28,3
D2,3,,23:52:59,2024-07-28,3
B2,0,,23:53:00,2024-07-28,3
C4,0,,23:53:03,2024-07-28,3
D3,0,,23:53:04,2024-07-28,3
B3,0,,23:53:05,2024-07-28,3
C1,0,,23:53:09,2024-07-28,3
B4,0,,23:53:10,2024-07-28,3
D4,0,,23:53:10,2024-07-28,3
C2,0,,23:53:14,2024-07-28,3
D1,0,,23:53:15,2024-07-28,3
B1,0,,23:53:16,2024-07-28,3
C3,0,,23:53:19,2024-07-28,3
D2,0,,23:53:20,2024-07-28,3
B2,18,,23:53:21,2024-07-28,9
C4,0,,23:53:24,2024-07-28,3
D3,0,,23:53:25,2024-07-28,3
C1,0,,23:53:30,2024-07-28,3
A2,66,33.0,23:53:31,2024-07-28,33
D4,0,,23:53:31,2024-07-28,3
B3,0,,23:53:32,2024-07-28,3
C2,0,,23:53:35,2024-07-28,3
D1,0,,23:53:36,2024-07-28,3
B4,0,,23:53:37,2024-07-28,3
C3,0,,23:53:40,2024-07-28,3
D2,0,,23:53:41,2024-07-28,3
B1,0,,23:53:43,2024-07-28,3
C4,0,,23:53:45,2024-07-28,3
D3,0,,23:53:46,2024-07-28,3
B2,0,,23:53:48,2024-07-28,3
C1,0,,23:53:51,2024-07-28,3
D4,0,,23:53:52,2024-07-28,3
B3,0,,23:53:53,2024-07-28,3
C2,0,,23:53:56,2024-07-28,3
D1,3,,23:53:57,2024-07-28,3
B4,0,,23:53:58,2024-07-28,3
C3,0,,23:54:01,2024-07-28,3
D2,0,,23:54:02,2024-07-28,3
B1,0,,23:54:03,2024-07-28,3
C4,0,,23:54:06,2024-07-28,3
A3,98,33.0,23:54:07,2024-07-28,49
D3,0,,23:54:08,2024-07-28,3
B2,52,,23:54:09,2024-07-28,26
C1,13,,23:54:12,2024-07-28,7
D4,0,,23:54:13,2024-07-28,3
D1,0,,23:54:18,2024-07-28,3
C2,0,,23:54:21,2024-07-28,3
D2,0,,23:54:23,2024-07-28,3
C3,0,,23:54:26,2024-07-28,3
D3,0,,23:54:29,2024-07-28,3
C4,0,,23:54:31,2024-07-28,3
D4,0,,23:54:34,2024-07-28,3
B3,0,,23:54:37,2024-07-28,3
C1,0,,23:54:37,2024-07-28,3
D1,10,,23:54:39,2024-07-28,5
B4,0,,23:54:42,2024-07-28,3
C2,0,,23:54:42,2024-07-28,3
B1,0,,23:54:47,2024-07-28,3
C3,0,,23:54:47,2024-07-28,3
D2,2,,23:54:47,2024-07-28,3
C4,0,,23:54:52,2024-07-28,3
D3,0,,23:54:52,2024-07-28,3
B2,19,,23:54:53,2024-07-28,10
D4,0,,23:54:57,2024-07-28,3
C1,0,,23:54:58,2024-07-28,3
A4,83,33.0,23:54:59,2024-07-28,42
D1,0,,23:55:02,2024-07-28,3
C2,0,,23:55:03,2024-07-28,3
B3,0,,23:55:05,2024-07-28,3
C3,0,,23:55:08,2024-07-28,3
D2,0,,23:55:08,2024-07-28,3
B4,0,,23:55:10,2024-07-28,3
C4,2,,23:55:13,2024-07-28,3
D3,0,,23:55:13,2024-07-28,3
B1,0,,23:55:15,2024-07-28,3
C1,0,,23:55:18,2024-07-28,3
D4,0,,23:55:18,2024-07-28,3
B2,0,,23:55:20,2024-07-28,3
D1,3,,23:55:23,2024-07-28,3
C2,0,,23:55:24,2024-07-28,3
B3,0,,23:55:26,2024-07-28,3
C3,0,,23:55:29,2024-07-28,3
D2,0,,23:55:29,2024-07-28,3
B4,0,,23:55:31,2024-07-28,3
C4,0,,23:55:34,2024-07-28,3
D3,0,,23:55:34,2024-07-28,3
B1,0,,23:55:36,2024-07-28,3
C1,16,,23:55:39,2024-07-28,8
D4,0,,23:55:39,2024-07-28,3
B2,0,,23:55:41,2024-07-28,3
D1,0,,23:55:45,2024-07-28,3
A1,59,33.0,23:55:46,2024-07-28,30
B3,0,,23:55:47,2024-07-28,3
C2,0,,23:55:50,2024-07-28,3
D2,0,,23:55:50,2024-07-28,3
B4,0,,23:55:52,2024-07-28,3
C3,0,,23:55:55,2024-07-28,3
D3,0,,23:55:55,2024-07-28,3
B1,0,,23:55:57,2024-07-28,3
C4,0,,23:56:00,2024-07-28,3
D4,0,,23:56:00,2024-07-28,3
B2,0,,23:56:02,2024-07-28,3
C1,0,,23:56:05,2024-07-28,3
D1,0,,23:56:06,2024-07-28,3
B3,0,,23:56:08,2024-07-28,3
C2,0,,23:56:10,2024-07-28,3
D2,3,,23:56:11,2024-07-28,3
B4,0,,23:56:13,2024-07-28,3
C3,0,,23:56:16,2024-07-28,3
D3,0,,23:56:16,2024-07-28,3
B1,0,,23:56:18,2024-07-28,3
A2,49,33.0,23:56:19,2024-07-28,25
C4,0,,23:56:21,2024-07-28,3
D4,0,,23:56:21,2024-07-28,3
B2,11,,23:56:23,2024-07-28,6
C1,47,,23:56:26,2024-07-28,24
D1,0,,23:56:27,2024-07-28,3
B3,0,,23:56:32,2024-07-28,3
D2,0,,23:56:32,2024-07-28,3
B4,0,,23:56:37,2024-07-28,3
D3,0,,23:56:37,2024-07-28,3
B1,0,,23:56:42,2024-07-28,3
D4,0,,23:56:43,2024-07-28,3
B2,0,,23:56:47,2024-07-28,3
A3,53,33.0,23:56:48,2024-07-28,27
D1,0,,23:56:48,2024-07-28,3
C2,0,,23:56:52,2024-07-28,3
B3,0,,23:56:53,2024-07-28,3
D2,0,,23:56:53,2024-07-28,3
B4,0,,23:56:58,2024-07-28,3
C3,0,,23:56:58,2024-07-28,3
D3,0,,23:56:58,2024-07-28,3
B1,0,,23:57:03,2024-07-28,3
C4,0,,23:57:03,2024-07-28,3
D4,0,,23:57:04,2024-07-28,3
B2,0,,23:57:08,2024-07-28,3
C1,0,,23:57:08,2024-07-28,3
D1,2,,23:57:09,2024-07-28,3
C2,0,,23:57:13,2024-07-28,3
B3,0,,23:57:14,2024-07-28,3
D2,9,,23:57:14,2024-07-28,5
A4,33,33.0,23:57:18,2024-07-28,17
B4,0,,23:57:19,2024-07-28,3
C3,0,,23:57:19,2024-07-28,3
D3,0,,23:57:21,2024-07-28,3
B1,0,,23:57:24,2024-07-28,3
C4,0,,23:57:24,2024-07-28,3
D4,0,,23:57:27,2024-07-28,3
B2,10,,23:57:29,2024-07-28,5
C1,0,,23:57:29,2024-07-28,3
D1,0,,23:57:32,2024-07-28,3
C2,0,,23:57:34,2024-07-28,3
B3,0,,23:57:36,2024-07-28,3
D2,0,,23:57:37,2024-07-28,3
A1,84,33.0,23:57:38,2024-07-28,42
C3,0,,23:57:39,2024-07-28,3
B4,0,,23:57:42,2024-07-28,3
D3,0,,23:57:42,2024-07-28,3
C4,0,,23:57:44,2024-07-28,3
B1,0,,23:57:47,2024-07-28,3
D4,0,,23:57:47,2024-07-28,3
C1,6,,23:57:49,2024-07-28,3
B2,0,,23:57:52,2024-07-28,3
D1,0,,23:57:53,2024-07-28,3
C2,0,,23:57:55,2024-07-28,3
B3,1,,23:57:57,2024-07-28,3
D2,0,,23:57:58,2024-07-28,3
C3,0,,23:58:00,2024-07-28,3
B4,0,,23:58:02,2024-07-28,3
D3,0,,23:58:03,2024-07-28,3
C4,0,,23:58:05,2024-07-28,3
B1,0,,23:58:07,2024-07-28,3
D4,0,,23:58:08,2024-07-28,3
C1,67,,23:58:10,2024-07-28,34
B2,16,,23:58:13,2024-07-28,8
D1,2,,23:58:13,2024-07-28,3
D2,0,,23:58:19,2024-07-28,3
A2,49,33.0,23:58:23,2024-07-28,25
B3,0,,23:58:23,2024-07-28,3
D3,0,,23:58:24,2024-07-28,3
B4,0,,23:58:28,2024-07-28,3
D4,0,,23:58:29,2024-07-28,3
B1,0,,23:58:33,2024-07-28,3
D1,0,,23:58:34,2024-07-28,3
B2,0,,23:58:38,2024-07-28,3
D2,0,,23:58:39,2024-07-28,3
B3,0,,23:58:44,2024-07-28,3
D3,0,,23:58:45,2024-07-28,3
C2,0,,23:58:46,2024-07-28,3
B4,0,,23:58:49,2024-07-28,3
D4,0,,23:58:50,2024-07-28,3
C3,0,,23:58:51,2024-07-28,3
B1,0,,23:58:54,2024-07-28,3
A3,78,33.0,23:58:55,2024-07-28,39
D1,3,,23:58:55,2024-07-28,3
C4,0,,23:58:57,2024-07-28,3
B2,39,,23:58:59,2024-07-28,20
D2,0,,23:59:00,2024-07-28,3
C1,9,,23:59:02,2024-07-28,5
D3,0,,23:59:05,2024-07-28,3
C2,0,,23:59:09,2024-07-28,3
D4,0,,23:59:11,2024-07-28,3
C3,0,,23:59:14,2024-07-28,3
D1,0,,23:59:16,2024-07-28,3
C4,0,,23:59:19,2024-07-28,3
B3,0,,23:59:21,2024-07-28,3
D2,0,,23:59:21,2024-07-28,3
